engine_id,sensor,cycles_survived,slope_per_cycle,start_mean,end_mean,trend_r2,spearman_cycle
2,sensor_1,287,-1.8362181078188383e-16,518.67,518.67,,
3,sensor_1,179,3.04728077349276e-16,518.67,518.67,,
4,sensor_1,189,-3.1244566958959414e-15,518.67,518.67,,
6,sensor_1,188,-2.1646471053870982e-16,518.67,518.67,,
7,sensor_1,259,-4.2687094886616514e-16,518.67,518.67,,
8,sensor_1,150,2.273747190127815e-16,518.67,518.67,,
9,sensor_1,201,-6.996055443683267e-16,518.67,518.67,,
10,sensor_1,222,6.17190583000283e-16,518.67,518.67,,
12,sensor_1,170,2.4048361882818102e-15,518.67,518.67,,
14,sensor_1,180,-1.9779356430183025e-15,518.67,518.67,,
15,sensor_1,207,1.6900672105903068e-15,518.67,518.67,,
16,sensor_1,209,2.7413173116474873e-17,518.67,518.67,,
17,sensor_1,276,4.119004168064172e-16,518.67,518.67,,
18,sensor_1,195,-5.950236658862115e-16,518.67,518.67,,
20,sensor_1,234,-9.048242025510914e-16,518.67,518.67,,
21,sensor_1,195,-5.950236658862115e-16,518.67,518.67,,
22,sensor_1,202,7.884029984768664e-16,518.67,518.67,,
24,sensor_1,147,-1.907192449906373e-15,518.67,518.67,,
25,sensor_1,230,-1.1365776034001958e-16,518.67,518.67,,
26,sensor_1,199,3.032656395046515e-15,518.67,518.67,,
27,sensor_1,156,-1.0679337446853412e-15,518.67,518.67,,
28,sensor_1,165,2.0158213539495168e-15,518.67,518.67,,
29,sensor_1,163,7.858350110232377e-16,518.67,518.67,,
30,sensor_1,194,-2.825503563299035e-15,518.67,518.67,,
33,sensor_1,200,1.7966324004150404e-15,518.67,518.67,,
35,sensor_1,181,-2.825801266974232e-16,518.67,518.67,,
36,sensor_1,158,-1.0952158242598892e-15,518.67,518.67,,
37,sensor_1,170,2.4048361882818102e-15,518.67,518.67,,
38,sensor_1,194,-2.825503563299035e-15,518.67,518.67,,
39,sensor_1,128,-3.72017665802279e-16,518.67,518.67,,
41,sensor_1,216,-8.920578285207e-16,518.67,518.67,,
42,sensor_1,196,-7.79253326173104e-16,518.67,518.67,,
43,sensor_1,207,1.6900672105903068e-15,518.67,518.67,,
44,sensor_1,192,1.545029829014151e-15,518.67,518.67,,
47,sensor_1,214,-4.056029981135213e-17,518.67,518.67,,
48,sensor_1,231,-8.273484507279447e-16,518.67,518.67,,
49,sensor_1,215,1.533786188374365e-15,518.67,518.67,,
50,sensor_1,198,8.952936083033082e-16,518.67,518.67,,
51,sensor_1,213,-1.088029447315179e-15,518.67,518.67,,
52,sensor_1,213,-1.088029447315179e-15,518.67,518.67,,
53,sensor_1,195,-5.950236658862115e-16,518.67,518.67,,
55,sensor_1,193,6.7777717387713495e-16,518.67,518.67,,
56,sensor_1,275,-8.0585972675873e-16,518.67,518.67,,
57,sensor_1,137,-1.2613185882050748e-15,518.67,518.67,,
58,sensor_1,147,-1.907192449906373e-15,518.67,518.67,,
59,sensor_1,231,-8.273484507279447e-16,518.67,518.67,,
60,sensor_1,172,-1.4117538855829165e-15,518.67,518.67,,
61,sensor_1,185,2.805459003655704e-16,518.67,518.67,,
62,sensor_1,180,-1.9779356430183025e-15,518.67,518.67,,
63,sensor_1,174,2.1469062344378133e-16,518.67,518.67,,
64,sensor_1,283,4.7733001207515295e-16,518.67,518.67,,
65,sensor_1,153,1.2134864345138059e-15,518.67,518.67,,
66,sensor_1,202,7.884029984768664e-16,518.67,518.67,,
67,sensor_1,313,1.171451041876581e-16,518.67,518.67,,
68,sensor_1,199,3.032656395046515e-15,518.67,518.67,,
69,sensor_1,362,-1.4561455156359517e-16,518.67,518.67,,
70,sensor_1,137,-1.2613185882050748e-15,518.67,518.67,,
72,sensor_1,213,-1.088029447315179e-15,518.67,518.67,,
73,sensor_1,213,-1.088029447315179e-15,518.67,518.67,,
75,sensor_1,229,3.1618701286059676e-16,518.67,518.67,,
76,sensor_1,210,5.959470681758827e-16,518.67,518.67,,
79,sensor_1,199,3.032656395046515e-15,518.67,518.67,,
80,sensor_1,185,2.805459003655704e-16,518.67,518.67,,
82,sensor_1,214,-4.056029981135213e-17,518.67,518.67,,
83,sensor_1,293,-3.2903534518513423e-16,518.67,518.67,,
85,sensor_1,188,-2.1646471053870982e-16,518.67,518.67,,
86,sensor_1,278,-2.730238075227833e-16,518.67,518.67,,
87,sensor_1,178,2.328533451642744e-16,518.67,518.67,,
88,sensor_1,213,-1.088029447315179e-15,518.67,518.67,,
89,sensor_1,217,-1.5667779425598088e-15,518.67,518.67,,
90,sensor_1,154,-1.4611171222189422e-15,518.67,518.67,,
92,sensor_1,341,-9.30964476027679e-16,518.67,518.67,,
93,sensor_1,155,-7.060752345392941e-17,518.67,518.67,,
94,sensor_1,258,-1.7452976304399975e-16,518.67,518.67,,
95,sensor_1,283,4.7733001207515295e-16,518.67,518.67,,
96,sensor_1,336,-2.0882098410552925e-15,518.67,518.67,,
97,sensor_1,202,7.884029984768664e-16,518.67,518.67,,
98,sensor_1,156,-1.0679337446853412e-15,518.67,518.67,,
99,sensor_1,185,2.805459003655704e-16,518.67,518.67,,
100,sensor_1,200,1.7966324004150404e-15,518.67,518.67,,
2,sensor_2,287,0.005309050705391642,641.9175,643.73,0.618612904698814,0.7781368951340211
3,sensor_2,179,0.006065741845044715,642.3610000000001,643.5859999999999,0.43934672462304214,0.6259354792433982
4,sensor_2,189,0.004947972768800289,642.421,643.684,0.3759529346645587,0.5900781289711147
6,sensor_2,188,0.00581217141918087,642.5735000000001,643.708,0.4807587507848331,0.6813655229279328
7,sensor_2,259,0.004794455073526088,642.2905,643.7560000000001,0.5115472290505136,0.696524614928582
8,sensor_2,150,0.005940015111783317,642.679,643.5959999999999,0.3635768259962505,0.5919492222421301
9,sensor_2,201,0.0060936013004271134,641.951,643.6020000000001,0.5482982024489077,0.7212979943439459
10,sensor_2,222,0.006804807973366332,642.0550000000001,643.674,0.5737128521774935,0.7424110274117476
12,sensor_2,170,0.005598292633779093,642.5580000000001,643.586,0.44236314752578054,0.6730461209965555
14,sensor_2,180,0.004058407152483047,642.6034999999999,643.632,0.3099532557694158,0.5349857572280773
15,sensor_2,207,0.0068324295656504745,642.029,643.652,0.5561415744599906,0.7263582620758405
16,sensor_2,209,0.004246293180504445,642.7925,643.8840000000001,0.3914653906609006,0.6161601603335772
17,sensor_2,276,0.004671351721579173,641.981,643.6780000000001,0.5490696543063325,0.7371690567840716
18,sensor_2,195,0.005372461117675018,642.0895,643.738,0.4351840618923646,0.6353950667050235
20,sensor_2,234,0.0036737260851930505,642.615,643.8199999999999,0.3377378031671816,0.5462764115808225
21,sensor_2,195,0.00501382123031612,642.37,643.8299999999999,0.41149375911405106,0.6344344444325464
22,sensor_2,202,0.004543870900581508,642.694,643.572,0.4680572188860842,0.6901892917124971
24,sensor_2,147,0.008376073865308874,642.394,643.83,0.53326334993568,0.7116599682330293
25,sensor_2,230,0.00426217147196876,642.5170000000002,643.668,0.405260439211951,0.6213136224450617
26,sensor_2,199,0.004199177706717636,642.5965,643.57,0.388342799943842,0.5985718857741977
27,sensor_2,156,0.006967346809753291,642.45,643.6540000000001,0.48309061908027584,0.6958616459599917
28,sensor_2,165,0.009058744957661432,642.0745,643.7760000000001,0.5980418908016756,0.7467664474005556
29,sensor_2,163,0.0072675555998893224,642.3985,643.8340000000001,0.5321011165374993,0.7174435077045161
30,sensor_2,194,0.006720556512018918,642.0075,643.6940000000001,0.538426861362785,0.709342222907679
33,sensor_2,200,0.006523678091954975,642.0029999999999,643.694,0.5516200915270477,0.7389748141894739
35,sensor_2,181,0.006018213830370214,642.4129999999999,643.646,0.4438363471859331,0.6470626344705284
36,sensor_2,158,0.00662215014930795,642.56,643.7339999999999,0.4449572254823565,0.6452351009722681
37,sensor_2,170,0.006146994705701861,642.5745,643.638,0.46794714657380176,0.6605850617839796
38,sensor_2,194,0.00429121554157691,642.6265000000001,643.6299999999999,0.32750320775340025,0.5555208572171859
39,sensor_2,128,0.008066974913018794,642.671,643.93,0.4273732273907215,0.6553266889870464
41,sensor_2,216,0.005346217506757758,642.2439999999999,643.76,0.47867838457851075,0.6790162720809357
42,sensor_2,196,0.005092000095624786,642.4195000000001,643.566,0.4233246660455052,0.6364666965054017
43,sensor_2,207,0.006382913379010123,642.1534999999999,643.7959999999999,0.522663359459385,0.705688832588886
44,sensor_2,192,0.006476650028486607,642.2145,643.692,0.5491551414164946,0.7229098716017079
47,sensor_2,214,0.006281714630315611,642.037,643.508,0.5505056985700918,0.7346672011163516
48,sensor_2,231,0.004374715239782567,642.2465,643.832,0.41040299857755713,0.6211268021448543
49,sensor_2,215,0.004270822767998196,642.5645000000001,643.692,0.38388925321934286,0.6043078261149054
50,sensor_2,198,0.00544196138359845,642.4069999999999,643.596,0.47955604182748546,0.671543190985027
51,sensor_2,213,0.005058004525121601,642.128,643.632,0.45931192603740756,0.6516972282292521
52,sensor_2,213,0.004634078496722969,642.683,643.678,0.43541374647412623,0.6534455025743843
53,sensor_2,195,0.005501642687212112,642.3954999999999,643.806,0.47466281844100255,0.6697756234388283
55,sensor_2,193,0.004458712809146402,642.4775000000001,643.6719999999999,0.31601075829914593,0.515276441414062
56,sensor_2,275,0.0033078387813373733,642.6895000000001,643.668,0.40337008395387686,0.6259340445387925
57,sensor_2,137,0.008417962551566288,642.374,643.734,0.47832810804196024,0.6717884901775913
58,sensor_2,147,0.007101073676414332,642.3399999999999,643.758,0.4238112565548544,0.6198293969913188
59,sensor_2,231,0.005205426507525185,642.1485,643.592,0.5045540029096474,0.6879926960018642
60,sensor_2,172,0.005292861472135007,642.67,643.462,0.37976042658890485,0.5936936545814986
61,sensor_2,185,0.0074114514233712125,642.074,643.728,0.5603046351118008,0.7408317607886635
62,sensor_2,180,0.004704898299328947,642.615,643.4559999999999,0.39132973417441297,0.6226551119904629
63,sensor_2,174,0.004715954326717406,642.5529999999999,643.49,0.3498997331005559,0.5738211852706266
64,sensor_2,283,0.0036888839237967956,642.4230000000001,643.7360000000001,0.41715544655628656,0.6251220645717591
65,sensor_2,153,0.008246518703174876,642.189,643.566,0.5548836376947481,0.7175843304574826
66,sensor_2,202,0.004016412596337978,642.802,643.472,0.39521993617235174,0.6183535931210414
67,sensor_2,313,0.003754733240143413,642.344,643.522,0.4923914276967869,0.6946445484719417
68,sensor_2,199,0.004972331353740983,642.5295000000001,643.764,0.4370028582181589,0.6439712634946299
69,sensor_2,362,0.003145849852414349,642.3,643.714,0.47773263715592085,0.6749379850747814
70,sensor_2,137,0.009004984412043436,642.4255,643.7839999999999,0.5684965664747434,0.7417179619051961
72,sensor_2,213,0.004906566892095134,642.387,643.828,0.432747034476038,0.635378021020876
73,sensor_2,213,0.0041555877319954665,642.6605,643.518,0.38038994106742297,0.6268927070765629
75,sensor_2,229,0.004881606427307954,642.4965000000001,643.7880000000001,0.5392855583947989,0.7332595672625747
76,sensor_2,210,0.004562137787380317,642.7065,643.6560000000001,0.4180042422310002,0.6518199557631423
79,sensor_2,199,0.005909715242882755,642.2275000000001,643.874,0.4426252140247311,0.6468658878224537
80,sensor_2,185,0.004060801334291524,642.6424999999999,643.802,0.2986585486329596,0.5141047545161712
82,sensor_2,214,0.005783960008694143,642.0240000000001,643.518,0.4902548339534957,0.688368400879369
83,sensor_2,293,0.004819271015712836,641.8405,643.772,0.5503343114557431,0.7277382241656816
85,sensor_2,188,0.005193522928191906,642.4255,643.5699999999999,0.4833791317852504,0.683985064559002
86,sensor_2,278,0.003341339970995435,642.6175,643.3820000000001,0.3854589337005824,0.606576403742565
87,sensor_2,178,0.00575234937958214,642.469,643.654,0.4866259600405596,0.6809586703569148
88,sensor_2,213,0.005318397778665872,642.224,643.726,0.4649556446426746,0.6710981837002467
89,sensor_2,217,0.005625889598215704,642.2629999999999,643.3799999999999,0.5357598237685138,0.7282014554870907
90,sensor_2,154,0.007580965524036936,642.2845,643.6560000000001,0.45011652949052283,0.639109420508493
92,sensor_2,341,0.0030165269997476816,642.2965,643.8299999999999,0.4694597675856753,0.6696988226751766
93,sensor_2,155,0.008642389868196572,642.1115,643.5959999999999,0.5606641236425566,0.7354973661249294
94,sensor_2,258,0.002661217262611813,642.7624999999999,643.6099999999999,0.2535507878936408,0.4929676024634449
95,sensor_2,283,0.004867499107871675,642.1175000000001,643.664,0.5559505799163224,0.7365876646439214
96,sensor_2,336,0.0036641000170822583,642.2270000000001,643.8280000000001,0.504673716163168,0.6980303595395885
97,sensor_2,202,0.0051831730485747685,642.1854999999999,643.588,0.408736033691963,0.6007943306763037
98,sensor_2,156,0.00860087559861186,642.2194999999999,643.6519999999999,0.5459007224817394,0.7289173076867164
99,sensor_2,185,0.006912114779573467,642.2269999999999,643.846,0.543195353461835,0.7170690585316908
100,sensor_2,200,0.005503165079128477,642.3860000000001,643.506,0.47861879450417943,0.6926999828195614
2,sensor_3,287,0.05840091311128115,1583.989,1602.47,0.5398524176282553,0.7261638924206231
3,sensor_3,179,0.08596744293097466,1584.1019999999999,1602.3719999999998,0.48654639190983084,0.6715251263662877
4,sensor_3,189,0.06638621376135144,1586.9755,1606.638,0.3533687458106871,0.5633159538691535
6,sensor_3,188,0.06374629542339308,1588.796,1601.6660000000002,0.4284613230832329,0.6381322184237183
7,sensor_3,259,0.052532176183341606,1586.1225,1601.1019999999999,0.46857109648382067,0.6683688974929604
8,sensor_3,150,0.0687775812258282,1590.5725,1604.136,0.3184624855430356,0.5492562734395985
9,sensor_3,201,0.07240883700310154,1584.1405,1599.6200000000001,0.4757975918598537,0.6757371826161701
10,sensor_3,222,0.06216387318471254,1584.81,1602.134,0.4069116395654425,0.6071303319256812
12,sensor_3,170,0.054608569805999964,1589.112,1600.076,0.2909991796924505,0.517017902440769
14,sensor_3,180,0.07457646840951607,1589.803,1601.9140000000002,0.46920146250378714,0.6866876001893605
15,sensor_3,207,0.0729168019612334,1583.348,1603.372,0.47922083232004475,0.6762437502194947
16,sensor_3,209,0.04568825910931303,1590.7024999999999,1602.6660000000002,0.25761701654701397,0.49622826219214605
17,sensor_3,276,0.05213580571053302,1584.436,1601.666,0.4625081291641574,0.6514816187865627
18,sensor_3,195,0.08201814238780505,1583.4795,1604.596,0.5010895097174128,0.6826660473552153
20,sensor_3,234,0.05231688945395348,1588.0705000000003,1603.4740000000002,0.4561917025506145,0.6809333829460719
21,sensor_3,195,0.05890800951625657,1587.9595,1602.048,0.35948012036383437,0.5724849335753788
22,sensor_3,202,0.048309799585211255,1590.7250000000001,1601.872,0.3479954505856876,0.6010969696022488
24,sensor_3,147,0.08852443161640647,1587.1495,1601.6860000000001,0.4434787235094393,0.6524453880827747
25,sensor_3,230,0.05578200952266054,1588.396,1601.328,0.4155347456959917,0.622996124600037
26,sensor_3,199,0.047519719811180305,1589.2525,1602.5279999999998,0.327785438990975,0.5431062247116587
27,sensor_3,156,0.08431858197277196,1587.6125,1604.366,0.4320959463185893,0.628343564491023
28,sensor_3,165,0.08090027515829104,1585.092,1598.992,0.4486969290774152,0.6586714450223208
29,sensor_3,163,0.06981883274865094,1588.4245000000003,1599.846,0.40422267075640284,0.6362877487961812
30,sensor_3,194,0.07809374910116983,1584.2355000000002,1601.85,0.49135832915313404,0.687917236270079
33,sensor_3,200,0.08163798844972321,1581.5695,1602.774,0.5189522730367575,0.7237168710501227
35,sensor_3,181,0.07781733551899296,1587.4864999999998,1599.342,0.48517701315856654,0.6919060144696835
36,sensor_3,158,0.055391559254523506,1589.3460000000002,1598.9,0.3049229544551354,0.5402130202075338
37,sensor_3,170,0.06095115442627419,1589.1844999999998,1600.9699999999998,0.32174720139401347,0.5534577061768208
38,sensor_3,194,0.05751950298512544,1589.2195,1603.998,0.33669986458114376,0.5651797142252731
39,sensor_3,128,0.08670864997253155,1589.9785000000004,1601.4379999999996,0.3326302136086544,0.5474756116503253
41,sensor_3,216,0.06955896712273124,1584.7689999999998,1605.126,0.4953860595056484,0.6896391790241555
42,sensor_3,196,0.05672512331757819,1586.908,1598.19,0.36788263166493307,0.6055264028225947
43,sensor_3,207,0.06703395081772355,1583.9085,1599.654,0.4530866426636796,0.6436333035126295
44,sensor_3,192,0.07596376278382527,1585.4969999999998,1603.174,0.5085400600744241,0.7116193389240528
47,sensor_3,214,0.08121342267908696,1582.6285,1603.842,0.5578582076762908,0.738906381923363
48,sensor_3,231,0.06135422223952699,1584.2959999999998,1603.71,0.4270085823987775,0.6067580467076764
49,sensor_3,215,0.04666955251273671,1588.1125,1599.036,0.3127738566540982,0.5527015886552895
50,sensor_3,198,0.0761806571698671,1584.4689999999998,1604.1280000000002,0.49967778846392596,0.6839945195848294
51,sensor_3,213,0.0716919787105614,1584.3645000000001,1605.632,0.48195730603252385,0.688265398788325
52,sensor_3,213,0.06390761248854233,1588.2785,1604.08,0.46960155885422805,0.6664325860219956
53,sensor_3,195,0.06681338102251175,1586.6299999999999,1607.82,0.4394015647578765,0.6376967337556253
55,sensor_3,193,0.05573834196891111,1588.9180000000001,1604.098,0.3230126741205236,0.5295034509791845
56,sensor_3,275,0.03422438475519378,1589.239,1600.3160000000003,0.2950380698473052,0.5297600466253449
57,sensor_3,137,0.0949995332947434,1586.9875000000002,1601.058,0.4613278185511861,0.6672539401847091
58,sensor_3,147,0.06875510959659471,1588.043,1601.0720000000001,0.2982508195698602,0.5108808887369196
59,sensor_3,231,0.07030347164079874,1583.7224999999999,1600.618,0.5162824575298806,0.6987505327113267
60,sensor_3,172,0.0826839463896994,1587.2465,1604.0880000000002,0.4816771699987059,0.6792540935548096
61,sensor_3,185,0.08298995489177664,1583.7585,1604.316,0.45944178487042076,0.6606471458811967
62,sensor_3,180,0.050996162432994326,1589.8120000000001,1599.0719999999997,0.2975436920055563,0.5352716071506002
63,sensor_3,174,0.08201830348244722,1588.0414999999998,1604.572,0.4588644717897554,0.6711755372904735
64,sensor_3,283,0.05210033450836609,1587.5225,1606.6999999999998,0.4933924987888707,0.680858949318536
65,sensor_3,153,0.09637429134333433,1583.3120000000001,1599.1460000000002,0.5041916758805927,0.7129539581444938
66,sensor_3,202,0.05330892239286432,1590.6495,1602.3319999999999,0.38881896084179823,0.612196243203112
67,sensor_3,313,0.04088235109958175,1587.225,1601.348,0.4129094001441286,0.6281498828022679
68,sensor_3,199,0.06360634993148026,1587.762,1605.0120000000002,0.4059034311221761,0.5928208954698639
69,sensor_3,362,0.03183129800546627,1586.6574999999998,1602.5539999999999,0.3816854586325622,0.5981660575712558
70,sensor_3,137,0.08933881867567539,1587.453,1601.576,0.42382852909362123,0.6525464170356776
72,sensor_3,213,0.05704840043611475,1586.68,1600.132,0.41048524178089585,0.6266388750297728
73,sensor_3,213,0.04211879813530926,1591.7819999999997,1599.538,0.2882237081639232,0.5297605668710559
75,sensor_3,229,0.04485324712959423,1589.2984999999999,1600.9920000000002,0.3139457039704281,0.558192856504664
76,sensor_3,210,0.043600496285958266,1590.923,1601.702,0.27457200735276177,0.5048094942745094
79,sensor_3,199,0.08603665296178194,1583.5895,1601.53,0.5354636483546207,0.7199519413827857
80,sensor_3,185,0.06733355445206533,1588.909,1603.068,0.39834027513968306,0.6193282371716539
82,sensor_3,214,0.07438416021012034,1583.849,1602.7959999999998,0.45739199768947936,0.654742885244791
83,sensor_3,293,0.05532736644145547,1583.0880000000002,1602.95,0.5302317402009558,0.7129812783589883
85,sensor_3,188,0.06154759647250483,1587.0135000000002,1599.962,0.3856879881642673,0.6047161373342086
86,sensor_3,278,0.037131903421014426,1588.7490000000003,1599.772,0.3413441270305314,0.5821270285459786
87,sensor_3,178,0.07133427099280673,1587.3745000000004,1597.97,0.45148488973128365,0.6703456816570763
88,sensor_3,213,0.06493340221189185,1586.3235,1600.128,0.46129940684273196,0.6839530150467378
89,sensor_3,217,0.0653022989801575,1585.987,1602.546,0.4539996687350025,0.6605590511660772
90,sensor_3,154,0.08306532935754855,1585.1235,1601.28,0.40570359620722196,0.6102654756892706
92,sensor_3,341,0.044510844992420924,1584.808,1602.574,0.4752955418367092,0.6681768786568014
93,sensor_3,155,0.09488785408140381,1585.0375000000001,1600.93,0.4292266628698893,0.6168233786152333
94,sensor_3,258,0.04356621057372293,1589.8115000000003,1601.964,0.34433577621207534,0.5643028314976902
95,sensor_3,283,0.052814465924937125,1583.446,1604.45,0.46486817335456165,0.6593067945623534
96,sensor_3,336,0.04345403756967627,1583.4834999999998,1600.342,0.5200586973490753,0.7251729785650305
97,sensor_3,202,0.06525816753427732,1586.566,1606.06,0.3828954198310567,0.6032819488485732
98,sensor_3,156,0.10030657015061728,1584.5040000000004,1601.6559999999997,0.5153850837174032,0.7172566175902111
99,sensor_3,185,0.07186270421894458,1584.3335000000002,1602.258,0.45297761014869586,0.6834357432888769
100,sensor_3,200,0.0622872346808707,1588.2265,1602.1160000000002,0.451051116711512,0.6657926386054155
2,sensor_4,287,0.0974284303095311,1397.353,1430.258,0.6895918442770679,0.827132688899012
3,sensor_4,179,0.1311908647709945,1399.1694999999997,1428.9920000000002,0.6233506824213346,0.787819948153019
4,sensor_4,189,0.09785163262766393,1403.233,1429.16,0.4786004933111254,0.6612272213455508
6,sensor_4,188,0.10658013173031748,1407.538,1431.01,0.663515553869886,0.8050960371997539
7,sensor_4,259,0.10362113813276726,1397.17,1426.8,0.6869958560632279,0.8268164103320259
8,sensor_4,150,0.10800808924840714,1409.2085000000002,1426.5080000000003,0.5323317894375921,0.724228540752312
9,sensor_4,201,0.10922657011969661,1397.5135,1428.082,0.535625346176946,0.7270425994430866
10,sensor_4,222,0.11926502258604925,1395.958,1428.386,0.6970134698078815,0.8356681275334968
12,sensor_4,170,0.1207258626901443,1407.2445,1429.3620000000003,0.6248244857009573,0.7764019228050596
14,sensor_4,180,0.11092908217331766,1406.5865,1427.5440000000003,0.6245009057125015,0.78960621545541
15,sensor_4,207,0.13362217369657764,1395.6639999999998,1431.708,0.6755272690833738,0.8264574288323374
16,sensor_4,209,0.08221947789053366,1409.8704999999998,1429.524,0.5500970477618358,0.7259741429127292
17,sensor_4,276,0.08704559295672197,1398.145,1425.7820000000002,0.6171239322291369,0.7748468305272671
18,sensor_4,195,0.10971682661962283,1398.48,1424.958,0.530407956269179,0.6967398204655364
20,sensor_4,234,0.08755706655989293,1405.896,1432.282,0.6269334688966943,0.7968530124282251
21,sensor_4,195,0.09485243328100591,1404.319,1429.2060000000001,0.5296561727241502,0.7133769713484136
22,sensor_4,202,0.07904682314419101,1410.9305,1429.216,0.5343559588269327,0.7105999837721125
24,sensor_4,147,0.1627610711074455,1400.3850000000002,1429.4579999999999,0.6483975945827201,0.7985432400121966
25,sensor_4,230,0.08098833461962773,1406.4919999999997,1430.8380000000002,0.5595262441767543,0.7351705911904912
26,sensor_4,199,0.08255783462768951,1409.109,1426.016,0.4993691294274516,0.6854480397619029
27,sensor_4,156,0.12232239098480734,1405.066,1425.7459999999999,0.606501224190009,0.7770513593564519
28,sensor_4,165,0.16393361472498155,1397.4275,1428.2459999999999,0.6656946110584934,0.7878353162127566
29,sensor_4,163,0.13515863911195408,1404.5594999999998,1432.984,0.6585784359958249,0.8320886940602383
30,sensor_4,194,0.1377032620709753,1397.591,1427.78,0.621742765001438,0.7844375250141465
33,sensor_4,200,0.13958135453386641,1396.743,1428.9379999999999,0.646821499513198,0.7886682412115693
35,sensor_4,181,0.11653601279015835,1404.0840000000003,1428.196,0.603877725078676,0.7598425913995474
36,sensor_4,158,0.1369428120707193,1406.3005,1428.906,0.6582003425824384,0.8151141617149888
37,sensor_4,170,0.11458918790188694,1406.2689999999998,1427.9,0.5850399113659754,0.7452270177882853
38,sensor_4,194,0.09081155263730364,1409.1005,1430.182,0.4863108395425587,0.6669200508557547
39,sensor_4,128,0.16302929294085675,1407.1295000000002,1428.836,0.6252524170471008,0.781201225193554
41,sensor_4,216,0.10949071791757098,1400.3179999999998,1428.3740000000003,0.6349066692515277,0.7979456683404887
42,sensor_4,196,0.11260725641290396,1403.1745,1425.962,0.6494286827961111,0.7857947142629224
43,sensor_4,207,0.12985035068351347,1397.5100000000002,1429.254,0.6587546268856477,0.803502108065658
44,sensor_4,192,0.13062500847733918,1398.8490000000002,1428.2379999999998,0.6618878975912916,0.8069527887562093
47,sensor_4,214,0.11943675441040288,1398.7069999999999,1427.846,0.6338153826427227,0.7914242586503688
48,sensor_4,231,0.08719168013395676,1398.074,1427.25,0.5248241234323536,0.7055984224753105
49,sensor_4,215,0.10001805163128857,1404.8870000000002,1430.358,0.6503434419239299,0.8000433481578141
50,sensor_4,198,0.11414999934297283,1401.3480000000002,1431.028,0.6589678072982362,0.8145737596613091
51,sensor_4,213,0.09646328863677356,1397.0300000000002,1428.044,0.5413284916025446,0.7281046246802044
52,sensor_4,213,0.09722467408932087,1405.8514999999998,1429.618,0.6013827206979487,0.7727358101360787
53,sensor_4,195,0.10596044603408372,1402.3155000000002,1427.786,0.627356406119028,0.7873093762358843
55,sensor_4,193,0.09633718484589833,1405.225,1431.952,0.4988805028443437,0.6887881956994856
56,sensor_4,275,0.06305694584691696,1408.0529999999999,1430.252,0.5481465426682645,0.7313184975956374
57,sensor_4,137,0.17284536188324157,1402.1185,1428.132,0.6134661794079913,0.7652196030938206
58,sensor_4,147,0.15420071175452385,1402.462,1431.2800000000002,0.6199641586694059,0.7947581673433838
59,sensor_4,231,0.10935740571272748,1396.801,1428.764,0.6430736064499006,0.7952397688066262
60,sensor_4,172,0.11785136655322288,1404.655,1427.81,0.6077620874290877,0.7696852993498157
61,sensor_4,185,0.13844232591637834,1396.2065,1425.2079999999999,0.656575333572649,0.7992564703506495
62,sensor_4,180,0.09104464129551534,1409.538,1426.1000000000001,0.5703719442119912,0.761068657133543
63,sensor_4,174,0.10552047609556384,1405.091,1429.2340000000002,0.5718533238301211,0.7511586347207843
64,sensor_4,283,0.07485102253245698,1404.6185,1429.6559999999997,0.6227286345511813,0.7745228689887083
65,sensor_4,153,0.16202350796778214,1399.2415,1428.666,0.6034506049304218,0.7685476271274596
66,sensor_4,202,0.0881739985630082,1409.8259999999998,1428.9540000000002,0.5535936823201941,0.7477845361078751
67,sensor_4,313,0.07019266772380164,1402.3089999999997,1429.388,0.6517418371668301,0.8020583283720549
68,sensor_4,199,0.09699401553220806,1406.0735,1427.534,0.5859759472982384,0.7607085902875084
69,sensor_4,362,0.06782373235591635,1402.3905,1429.8319999999999,0.6679822364488132,0.8116562414806062
70,sensor_4,137,0.17350364963503348,1402.7685,1429.902,0.6771540827171258,0.819775724532131
72,sensor_4,213,0.11780997215882275,1402.127,1430.374,0.6583098939310252,0.8081312140730469
73,sensor_4,213,0.08209298109233434,1409.502,1430.058,0.5342103899404873,0.7129886930569089
75,sensor_4,229,0.09367027070238704,1404.4885000000002,1431.034,0.6597049595853013,0.811501227108287
76,sensor_4,210,0.0854076250514287,1409.0915,1429.998,0.5414132714724045,0.7182857729710684
79,sensor_4,199,0.12824342926755497,1398.3335000000002,1430.4940000000001,0.6250250459309863,0.7960109608735068
80,sensor_4,185,0.07631657253326132,1409.135,1428.234,0.4040898830964863,0.6077590373418286
82,sensor_4,214,0.1171354726927091,1397.0770000000005,1428.27,0.5982386476594351,0.7696284416631769
83,sensor_4,293,0.0892800228230985,1396.1860000000001,1429.102,0.6351181644998467,0.7887395941445867
85,sensor_4,188,0.1078284905193585,1405.8295,1429.986,0.6012025618588512,0.7627567698393891
86,sensor_4,278,0.08340919950658843,1404.4384999999997,1426.8580000000002,0.6482985067903668,0.7938299424958446
87,sensor_4,178,0.12321281713831576,1404.2580000000003,1431.1740000000002,0.6200329585462233,0.7681937001507931
88,sensor_4,213,0.10983470386771317,1401.214,1430.388,0.6549924963849121,0.8083744758443251
89,sensor_4,217,0.11535356097652243,1399.6915,1428.4559999999997,0.6426226232893917,0.7965529329500742
90,sensor_4,154,0.15349193753747437,1399.309,1426.5760000000002,0.652326811052413,0.8045705273342518
92,sensor_4,341,0.0639091605155729,1403.5345000000002,1427.598,0.6057307221077375,0.761449977393556
93,sensor_4,155,0.17478573039863296,1398.731,1431.8319999999999,0.6937028441208435,0.8521542691958884
94,sensor_4,258,0.06796741607618352,1408.7055,1429.5120000000002,0.5499827043956108,0.7278637217101485
95,sensor_4,283,0.10085738549786269,1394.8615000000002,1430.4740000000002,0.6938379346276766,0.83229926461773
96,sensor_4,336,0.07384180464780385,1400.7385,1430.66,0.6657545371716278,0.8138190965324185
97,sensor_4,202,0.08966781708683921,1401.6455,1428.768,0.4671683803920892,0.6515478821973317
98,sensor_4,156,0.1778901708523636,1398.4625,1428.124,0.6792013193021893,0.814834366341879
99,sensor_4,185,0.13268045184033692,1400.846,1428.8700000000001,0.6471014720924446,0.7977567114145792
100,sensor_4,200,0.11528539713493227,1402.3374999999999,1429.8120000000001,0.6547727359962314,0.8069474367137803
2,sensor_5,287,-2.2763406348327394e-17,14.62,14.62,,
3,sensor_5,179,5.1670304981280174e-17,14.62,14.62,,
4,sensor_5,189,-5.652608872449321e-17,14.62,14.62,,
6,sensor_5,188,-1.612297648470944e-17,14.62,14.62,,
7,sensor_5,259,3.0479295866407167e-17,14.62,14.62,,
8,sensor_5,150,-1.8255485683650174e-17,14.62,14.62,,
9,sensor_5,201,-2.1570511829659836e-17,14.62,14.62,,
10,sensor_5,222,-3.1569854405509e-19,14.62,14.62,,
12,sensor_5,170,7.472202144942054e-17,14.62,14.62,,
14,sensor_5,180,-4.799078905217917e-17,14.62,14.62,,
15,sensor_5,207,5.199348274757619e-17,14.62,14.62,,
16,sensor_5,209,-9.509220713913048e-18,14.62,14.62,,
17,sensor_5,276,1.6338018900056927e-17,14.62,14.62,,
18,sensor_5,195,4.605698292931402e-17,14.62,14.62,,
20,sensor_5,234,-4.15621031318328e-17,14.62,14.62,,
21,sensor_5,195,4.605698292931402e-17,14.62,14.62,,
22,sensor_5,202,-2.923289365500506e-17,14.62,14.62,,
24,sensor_5,147,-2.764713693831269e-17,14.62,14.62,,
25,sensor_5,230,1.1979678137818767e-17,14.62,14.62,,
26,sensor_5,199,4.570036906660383e-17,14.62,14.62,,
27,sensor_5,156,-4.459939582481539e-17,14.62,14.62,,
28,sensor_5,165,3.082976801952303e-17,14.62,14.62,,
29,sensor_5,163,-6.78251525071697e-17,14.62,14.62,,
30,sensor_5,194,-2.01207703362923e-17,14.62,14.62,,
33,sensor_5,200,5.731780371873572e-17,14.62,14.62,,
35,sensor_5,181,2.2464886009700008e-17,14.62,14.62,,
36,sensor_5,158,-6.532230492797936e-17,14.62,14.62,,
37,sensor_5,170,7.472202144942054e-17,14.62,14.62,,
38,sensor_5,194,-2.01207703362923e-17,14.62,14.62,,
39,sensor_5,128,3.9374550051421825e-18,14.62,14.62,,
41,sensor_5,216,-3.585832761841556e-17,14.62,14.62,,
42,sensor_5,196,-1.8080074575892746e-17,14.62,14.62,,
43,sensor_5,207,5.199348274757619e-17,14.62,14.62,,
44,sensor_5,192,4.698045173234749e-17,14.62,14.62,,
47,sensor_5,214,3.684223716676517e-17,14.62,14.62,,
48,sensor_5,231,-1.5835818995893155e-17,14.62,14.62,,
49,sensor_5,215,1.1426557298948604e-17,14.62,14.62,,
50,sensor_5,198,1.3999512289086128e-17,14.62,14.62,,
51,sensor_5,213,-1.411186666579136e-17,14.62,14.62,,
52,sensor_5,213,-1.411186666579136e-17,14.62,14.62,,
53,sensor_5,195,4.605698292931402e-17,14.62,14.62,,
55,sensor_5,193,5.052570138711733e-17,14.62,14.62,,
56,sensor_5,275,-1.41634078040031e-17,14.62,14.62,,
57,sensor_5,137,-4.942562126919211e-17,14.62,14.62,,
58,sensor_5,147,-2.764713693831269e-17,14.62,14.62,,
59,sensor_5,231,-1.5835818995893155e-17,14.62,14.62,,
60,sensor_5,172,-4.824117658838026e-17,14.62,14.62,,
61,sensor_5,185,-4.47280304877417e-17,14.62,14.62,,
62,sensor_5,180,-4.799078905217917e-17,14.62,14.62,,
63,sensor_5,174,1.114073891476749e-18,14.62,14.62,,
64,sensor_5,283,-2.055859359897991e-17,14.62,14.62,,
65,sensor_5,153,3.486765992902139e-17,14.62,14.62,,
66,sensor_5,202,-2.923289365500506e-17,14.62,14.62,,
67,sensor_5,313,2.405912079448533e-18,14.62,14.62,,
68,sensor_5,199,4.570036906660383e-17,14.62,14.62,,
69,sensor_5,362,1.2825003010997203e-17,14.62,14.62,,
70,sensor_5,137,-4.942562126919211e-17,14.62,14.62,,
72,sensor_5,213,-1.411186666579136e-17,14.62,14.62,,
73,sensor_5,213,-1.411186666579136e-17,14.62,14.62,,
75,sensor_5,229,-3.542436565341379e-18,14.62,14.62,,
76,sensor_5,210,2.3009799209702082e-18,14.62,14.62,,
79,sensor_5,199,4.570036906660383e-17,14.62,14.62,,
80,sensor_5,185,-4.47280304877417e-17,14.62,14.62,,
82,sensor_5,214,3.684223716676517e-17,14.62,14.62,,
83,sensor_5,293,1.701835889353079e-18,14.62,14.62,,
85,sensor_5,188,-1.612297648470944e-17,14.62,14.62,,
86,sensor_5,278,-1.0215963705783168e-17,14.62,14.62,,
87,sensor_5,178,2.3600066817515442e-17,14.62,14.62,,
88,sensor_5,213,-1.411186666579136e-17,14.62,14.62,,
89,sensor_5,217,-6.093208926839503e-17,14.62,14.62,,
90,sensor_5,154,-2.408157171190339e-17,14.62,14.62,,
92,sensor_5,341,8.677355111373435e-18,14.62,14.62,,
93,sensor_5,155,-2.0621957726131032e-17,14.62,14.62,,
94,sensor_5,258,1.779060395669854e-17,14.62,14.62,,
95,sensor_5,283,-2.055859359897991e-17,14.62,14.62,,
96,sensor_5,336,-1.4079551001347338e-17,14.62,14.62,,
97,sensor_5,202,-2.923289365500506e-17,14.62,14.62,,
98,sensor_5,156,-4.459939582481539e-17,14.62,14.62,,
99,sensor_5,185,-4.47280304877417e-17,14.62,14.62,,
100,sensor_5,200,5.731780371873572e-17,14.62,14.62,,
2,sensor_6,287,6.512796146966166e-06,21.607500000000005,21.61,0.04709639257712328,0.21701703291918933
3,sensor_6,179,8.787897810616524e-07,21.610000000000003,21.61,0.0009438202245724003,0.030721657258668534
4,sensor_6,189,8.709717555593974e-07,21.610000000000003,21.61,0.004290462462281819,0.06550162182859494
6,sensor_6,188,1.2376292376015717e-17,21.610000000000003,21.61,,
7,sensor_6,259,3.633073400534236e-06,21.610000000000003,21.61,0.028058283539960982,0.16750607015869934
8,sensor_6,150,-4.741615167679324e-17,21.610000000000003,21.61,,
9,sensor_6,201,4.270725579959394e-06,21.609500000000004,21.61,0.008381154669562463,0.09154864646471299
10,sensor_6,222,9.778055148710324e-06,21.608000000000004,21.61,0.07122577212517689,0.2668815694743445
12,sensor_6,170,1.1214586181927096e-16,21.610000000000003,21.61,,
14,sensor_6,180,-1.0163404394121599e-16,21.610000000000003,21.61,,
15,sensor_6,207,9.700620190263373e-06,21.608000000000004,21.61,0.06677905139236151,0.2584164301905658
16,sensor_6,209,6.85312467907632e-17,21.610000000000003,21.61,,
17,sensor_6,276,4.463406629481184e-06,21.608000000000004,21.61,0.030408648347652778,0.17438075681566673
18,sensor_6,195,1.5698587127225288e-06,21.609500000000004,21.61,0.003886633187263455,0.062342867974663596
20,sensor_6,234,-3.263857291316387e-17,21.610000000000003,21.61,,
21,sensor_6,195,-3.722345401301623e-07,21.610000000000003,21.61,0.0008605525320591889,-0.029335175680474352
22,sensor_6,202,-4.0440533651499026e-20,21.610000000000003,21.61,,
24,sensor_6,147,4.495689427225031e-06,21.609,21.61,0.0271183086723773,0.16467637557462406
25,sensor_6,230,1.6142563511023457e-17,21.610000000000003,21.61,,
26,sensor_6,199,1.1417015589633693e-16,21.610000000000003,21.61,,
27,sensor_6,156,8.376665454562467e-07,21.610000000000003,21.61,0.002234137741634279,0.04726666628120679
28,sensor_6,165,3.3660139450324364e-06,21.609500000000004,21.61,0.004984289879994219,0.07059950339747556
29,sensor_6,163,-8.10276521666408e-17,21.610000000000003,21.61,,
30,sensor_6,194,1.0149030500440626e-05,21.608000000000004,21.61,0.06039757122755407,0.24575917323151167
33,sensor_6,200,1.473036825926928e-05,21.606500000000004,21.61,0.08831026636471706,0.29717043319401365
35,sensor_6,181,3.697547209280996e-17,21.610000000000003,21.61,,
36,sensor_6,158,-3.224644023604287e-17,21.610000000000003,21.61,,
37,sensor_6,170,1.1214586181927096e-16,21.610000000000003,21.61,,
38,sensor_6,194,-4.3376154200918863e-17,21.610000000000003,21.61,,
39,sensor_6,128,3.069289629312556e-17,21.610000000000003,21.61,,
41,sensor_6,216,6.2991938460175e-06,21.608500000000003,21.61,0.0432554738958677,0.20797950354769698
42,sensor_6,196,4.303166014546439e-06,21.609500000000004,21.61,0.02965150331885258,0.1721961187687342
43,sensor_6,207,5.235899600642577e-06,21.609,21.61,0.03477965846652464,0.18649305205943462
44,sensor_6,192,3.0094539240104912e-06,21.610000000000003,21.61,0.010969218152988458,0.1047340353127477
47,sensor_6,214,6.385629578303843e-06,21.609,21.61,0.03862561770065598,0.19653401156201403
48,sensor_6,231,6.435094141266489e-06,21.609,21.61,0.0373889254003541,0.19336216124235253
49,sensor_6,215,4.590383118604702e-17,21.610000000000003,21.61,,
50,sensor_6,198,9.662216636543872e-07,21.610000000000003,21.61,0.006069539638318244,0.07790725022874918
51,sensor_6,213,4.594663732676684e-06,21.609500000000004,21.61,0.019722518996430627,0.14043688616752595
52,sensor_6,213,1.2045469785210572e-06,21.609500000000004,21.61,0.011739219398450573,0.10834767832428434
53,sensor_6,195,2.6703782227063783e-06,21.610000000000003,21.61,0.014916565853324015,0.12213339368553296
55,sensor_6,193,2.9538580225148296e-17,21.610000000000003,21.61,,
56,sensor_6,275,-3.9316937232849574e-17,21.610000000000003,21.61,,
57,sensor_6,137,2.3801967629910578e-06,21.610000000000003,21.61,0.006159420289978623,0.07848197429891192
58,sensor_6,147,-4.1433943305483426e-17,21.610000000000003,21.61,,
59,sensor_6,231,6.6979497264222316e-06,21.608500000000003,21.61,0.04050577450999315,0.201260464349075
60,sensor_6,172,-4.677383337030517e-17,21.610000000000003,21.61,,
61,sensor_6,185,8.528865471334567e-06,21.609500000000004,21.61,0.03709655436217019,0.19260465820461126
62,sensor_6,180,-1.0163404394121599e-16,21.610000000000003,21.61,,
63,sensor_6,174,-1.6924254843401398e-17,21.610000000000003,21.61,,
64,sensor_6,283,7.0946693614863e-07,21.609500000000004,21.61,0.009540569203412175,0.09767583735839282
65,sensor_6,153,6.433195287724175e-06,21.609500000000004,21.61,0.02553804659067549,0.1598062783205909
66,sensor_6,202,6.187663836822064e-07,21.610000000000003,21.61,0.002642840499175736,0.05140856445538371
67,sensor_6,313,2.6611023538943525e-07,21.610000000000003,21.61,0.0018153494394014258,0.04260691773718565
68,sensor_6,199,1.0050251257269066e-06,21.610000000000003,21.61,0.003350253807062775,0.05788137703187961
69,sensor_6,362,8.44900010259827e-07,21.610000000000003,21.61,0.007133740952642076,0.08446147614463372
70,sensor_6,137,-9.08325130820174e-17,21.610000000000003,21.61,,
72,sensor_6,213,1.9123735535416896e-06,21.609500000000004,21.61,0.009957091635646842,0.09978522754299811
73,sensor_6,213,-7.021814724123882e-17,21.610000000000003,21.61,,
75,sensor_6,229,6.348576731397347e-18,21.610000000000003,21.61,,
76,sensor_6,210,-1.3573939650001665e-17,21.610000000000003,21.61,,
79,sensor_6,199,5.512410537619049e-06,21.608500000000003,21.61,0.019202274192639424,0.1385722706482181
80,sensor_6,185,-6.566484324012537e-18,21.610000000000003,21.61,,
82,sensor_6,214,4.695856075341643e-06,21.609,21.61,0.01725858541202885,0.13137193540483746
83,sensor_6,293,5.65329689774831e-06,21.607500000000005,21.61,0.04428819831679698,0.210447614186436
85,sensor_6,188,1.5441379646953175e-06,21.609500000000004,21.61,0.01327298055819559,0.11520842225414947
86,sensor_6,278,7.679893118629116e-07,21.609500000000004,21.61,0.010597975250932312,0.10294646788839965
87,sensor_6,178,-4.639483529703269e-17,21.610000000000003,21.61,,
88,sensor_6,213,2.048971664549137e-06,21.609500000000004,21.61,0.01706424387463934,0.13063017980099415
89,sensor_6,217,4.49790254455562e-06,21.608500000000003,21.61,0.035266526263174836,0.1877938397902093
90,sensor_6,154,3.269342927730177e-06,21.610000000000003,21.61,0.011058750923228167,0.10516059586786605
92,sensor_6,341,2.3605676254445128e-07,21.610000000000003,21.61,0.001846658167756754,0.042972760766689495
93,sensor_6,155,2.997002997004078e-06,21.610000000000003,21.61,0.00947407855314264,0.09733487839939967
94,sensor_6,258,2.8908208931643236e-18,21.610000000000003,21.61,,
95,sensor_6,283,8.937165584293694e-06,21.607500000000005,21.61,0.08950355866408755,0.2991714536249838
96,sensor_6,336,1.0534440978332523e-06,21.609500000000004,21.61,0.008875583826985722,0.09421031698789349
97,sensor_6,202,1.033703840965818e-06,21.610000000000003,21.61,0.003706345121729182,0.060879759540279306
98,sensor_6,156,2.5129996363421736e-06,21.610000000000003,21.61,0.00679002646868887,0.08240161690631627
99,sensor_6,185,2.615518744550962e-06,21.609500000000004,21.61,0.01824431517716929,0.1350715187489759
100,sensor_6,200,2.0850521263765285e-06,21.609500000000004,21.61,0.014637487149364747,0.12098548321720233
2,sensor_7,287,-0.009111183531914578,554.6535,551.508,0.6461227683338255,-0.797657752537808
3,sensor_7,179,-0.010184524930426507,554.3605,551.758,0.5169564503177657,-0.7197211604837078
4,sensor_7,189,-0.00883855027640203,553.866,551.914,0.46593914369555123,-0.6414153742151868
6,sensor_7,188,-0.009610696631972,553.2045,551.076,0.5477679198282394,-0.7196166365928419
7,sensor_7,259,-0.010109489504837971,554.2775,551.4639999999999,0.6625773997701798,-0.8103482994502105
8,sensor_7,150,-0.011190310680476148,553.1135,551.1600000000001,0.47223093827735996,-0.6488266851868238
9,sensor_7,201,-0.007825373134329168,554.5475,552.358,0.4408775682039806,-0.6227970041432668
10,sensor_7,222,-0.011252232692485332,554.4885000000002,551.936,0.6748777469305953,-0.8178259929047327
12,sensor_7,170,-0.01113519091847048,553.5975000000001,551.376,0.5602929753948624,-0.7313403768497969
14,sensor_7,180,-0.00993197320904984,553.528,551.564,0.6072347277064085,-0.7751865418671035
15,sensor_7,207,-0.014350694331697797,554.6745,551.3620000000001,0.7313430010138098,-0.8636625011773112
16,sensor_7,209,-0.008330235553917188,552.9584999999998,551.062,0.5227899842005705,-0.7165713197038477
17,sensor_7,276,-0.008089362309327447,554.607,551.808,0.6248943265440652,-0.7925855912482626
18,sensor_7,195,-0.00895675605690359,554.356,551.796,0.46827958988369867,-0.6598895719546374
20,sensor_7,234,-0.007458946495930034,553.4544999999999,551.558,0.5124624885242666,-0.7053093179480879
21,sensor_7,195,-0.00663114793895294,553.5494999999999,551.882,0.3513166506288653,-0.5437827927821428
22,sensor_7,202,-0.008828354933133378,553.2634999999999,551.376,0.5601736805102815,-0.7312372857638765
24,sensor_7,147,-0.017946414404340773,554.1475,551.14,0.6604401800594093,-0.8076021081429623
25,sensor_7,230,-0.0069645600270238075,553.6669999999999,551.8979999999999,0.5359991767145917,-0.7261152188984183
26,sensor_7,199,-0.006294868280795278,553.2650000000001,551.722,0.3673831673153731,-0.5817045100910527
27,sensor_7,156,-0.011666861595360277,553.693,551.6780000000001,0.5101703956716653,-0.6979481880126079
28,sensor_7,165,-0.01644965672000521,554.78,551.594,0.7006347769242645,-0.846455010568803
29,sensor_7,163,-0.013781873299307301,553.8459999999999,551.53,0.6354960536416602,-0.7801689568769459
30,sensor_7,194,-0.014430327111062277,554.5559999999999,551.644,0.6994497951346372,-0.8470326130533484
33,sensor_7,200,-0.012942586064649864,554.446,551.256,0.6106726467867182,-0.7874935127599708
35,sensor_7,181,-0.012786938659867644,554.0115,551.5440000000001,0.6623705837197915,-0.8102385335694512
36,sensor_7,158,-0.012088021918008965,553.5645,551.7700000000001,0.6208092631565924,-0.7894047057412658
37,sensor_7,170,-0.012970951569665073,553.7629999999999,551.632,0.6710248549169395,-0.8174935902701287
38,sensor_7,194,-0.007941727307469015,553.5975000000001,551.712,0.47113203478152854,-0.6628326016071644
39,sensor_7,128,-0.013741559467130484,553.3085,551.1099999999999,0.4987491081912969,-0.7201237269176157
41,sensor_7,216,-0.00988788268495689,554.4435000000001,551.8059999999999,0.5998446080219719,-0.7677199557882284
42,sensor_7,196,-0.012047446389724598,554.2105,551.618,0.6654988516628855,-0.8153640679328165
43,sensor_7,207,-0.013224840623002757,554.389,551.366,0.6774036160570935,-0.8223132337538741
44,sensor_7,192,-0.012911354203399918,554.367,551.608,0.6805592039142185,-0.8163826041852225
47,sensor_7,214,-0.011669086022328702,554.5355,551.758,0.6600860294954978,-0.8110681582948729
48,sensor_7,231,-0.00668925602133994,554.2735,551.682,0.395826030218256,-0.588026058945518
49,sensor_7,215,-0.009219155256104106,553.45,551.2220000000001,0.6390471193518293,-0.8017539098420056
50,sensor_7,198,-0.010768749144890963,554.0105,551.4599999999999,0.6275580813308923,-0.7988887071781189
51,sensor_7,213,-0.007430552278583177,554.2570000000001,552.188,0.44450891774682433,-0.6399588706090231
52,sensor_7,213,-0.009557794660753583,553.6890000000001,551.484,0.6559664236533888,-0.8045073686002857
53,sensor_7,195,-0.008891388434834963,553.9145000000001,552.016,0.6022210503623648,-0.7701085532441903
55,sensor_7,193,-0.0065969532877521095,553.7404999999999,551.868,0.3663355353824125,-0.5848978969303876
56,sensor_7,275,-0.00459269495975411,553.1724999999999,551.72,0.4144258310520992,-0.6332993557427888
57,sensor_7,137,-0.01599977598148338,553.9855,551.3399999999999,0.633876100871412,-0.7772339102159003
58,sensor_7,147,-0.014974801471868821,554.0345,551.194,0.5861130634573621,-0.7578104272422163
59,sensor_7,231,-0.012126248564031163,554.6505,551.338,0.6785221479752638,-0.8160816676457892
60,sensor_7,172,-0.01048293370878658,553.7475000000001,551.67,0.5306192172323216,-0.718100387199693
61,sensor_7,185,-0.016166786702551283,554.704,551.4599999999999,0.6690482395930986,-0.812666823694661
62,sensor_7,180,-0.009437811866622924,553.3639999999999,551.3620000000001,0.5236990498578145,-0.7095771544828918
63,sensor_7,174,-0.009452626783221669,553.7834999999999,551.7059999999999,0.473873052072159,-0.6691266391783933
64,sensor_7,283,-0.007281423296564943,553.799,551.536,0.6203649354503635,-0.7835798998561965
65,sensor_7,153,-0.018176691729321088,554.4230000000001,551.0400000000001,0.6347587118373917,-0.794252145149943
66,sensor_7,202,-0.008536770374338004,553.2209999999999,551.1940000000001,0.5511629071133153,-0.7441966453119196
67,sensor_7,313,-0.0067012505615714,553.8799999999999,551.2639999999999,0.5961727726953034,-0.7587349449123326
68,sensor_7,199,-0.00850880158367412,553.7564999999998,551.7880000000001,0.5408871346956339,-0.7304052469855762
69,sensor_7,362,-0.006592891380640058,553.9654999999999,551.4440000000001,0.620999912951263,-0.7731638810397092
70,sensor_7,137,-0.013999430619598111,553.6854999999999,551.53,0.5375204624380284,-0.7107645361114779
72,sensor_7,213,-0.010907880717563436,553.989,551.1579999999999,0.6290210687529773,-0.7870422896393193
73,sensor_7,213,-0.008058257852529628,553.1535,551.35,0.5555513635012213,-0.7300384675514106
75,sensor_7,229,-0.009276268324123442,553.5640000000001,551.2959999999999,0.667368925322614,-0.8146151393158982
76,sensor_7,210,-0.008859928796572205,553.371,551.1000000000001,0.5728528339000074,-0.7459613600135193
79,sensor_7,199,-0.013686538754377036,554.6025000000001,551.504,0.6787530217126068,-0.8203510889710995
80,sensor_7,185,-0.006994427807892919,553.372,551.79,0.4146990303869327,-0.6434441115423308
82,sensor_7,214,-0.010730037254607874,554.6424999999999,551.888,0.643308606947872,-0.7982180924503927
83,sensor_7,293,-0.009301147547709887,554.662,551.538,0.6837427376609095,-0.8272904479794851
85,sensor_7,188,-0.011339977641604292,553.689,551.22,0.5973982756352769,-0.7671912026513283
86,sensor_7,278,-0.007083679277609287,553.7864999999999,551.914,0.604255786235156,-0.7700707914206147
87,sensor_7,178,-0.011819009733714702,553.6899999999998,551.1279999999999,0.6118674669315552,-0.7831923873106872
88,sensor_7,213,-0.009622889869637849,554.1890000000001,551.698,0.6405890679495145,-0.7912117664964832
89,sensor_7,217,-0.011399200007516581,554.2465,551.116,0.6367261570334615,-0.792805231250983
90,sensor_7,154,-0.016977878541445453,554.2690000000001,551.09,0.6305536933579994,-0.781616468057669
92,sensor_7,341,-0.006219605422042566,554.185,551.258,0.6227292551378096,-0.7819155300878248
93,sensor_7,155,-0.01607892107892138,554.322,551.24,0.6894167033021126,-0.832433522008724
94,sensor_7,258,-0.005023179649005726,553.4404999999999,551.7,0.41595053839963314,-0.6256518704441836
95,sensor_7,283,-0.008820834184870065,554.641,551.504,0.6882896237702943,-0.8352388557384671
96,sensor_7,336,-0.007239699657709623,554.1315,551.2779999999999,0.6616759311769052,-0.8092574067616141
97,sensor_7,202,-0.007989577062256744,554.0935,552.1600000000001,0.4837546245833163,-0.6599077201055192
98,sensor_7,156,-0.015707622765565546,554.3075000000001,551.734,0.6235750534949426,-0.7731895462279175
99,sensor_7,185,-0.012995413365679827,554.0895,551.1419999999999,0.6153259768842867,-0.7808827130106868
100,sensor_7,200,-0.011386582164552166,553.8545,550.9399999999999,0.6198840837707679,-0.7820928199713014
2,sensor_8,287,0.0005947609301235896,2388.0080000000003,2388.192,0.6138794806090178,0.7711220163481346
3,sensor_8,179,0.00040206724834957017,2388.034,2388.14,0.2718637315563265,0.4637206752504176
4,sensor_8,189,0.0002176007394255828,2388.0644999999995,2388.132,0.13389832708331562,0.34944698419274667
6,sensor_8,188,0.0008898298197450855,2388.127,2388.308,0.6428162646017737,0.7914361511837174
7,sensor_8,259,0.0008060104571768949,2388.0,2388.226,0.7047368464680916,0.8392642540155033
8,sensor_8,150,0.0009827458998136853,2388.1274999999996,2388.29,0.6334638925095805,0.7991131052008422
9,sensor_8,201,0.0005185606620273643,2388.0,2388.266,0.2353320686301713,0.49007956700161875
10,sensor_8,222,0.0006989417435220061,2388.0099999999998,2388.2019999999998,0.5963992430630816,0.7717266378617738
12,sensor_8,170,0.0009069680815386644,2388.1094999999996,2388.286,0.644251023109058,0.7998431789612374
14,sensor_8,180,0.0004356821712517611,2388.105,2388.21,0.3475599337686911,0.5909768608678876
15,sensor_8,207,0.0011865468498074272,2387.9935000000005,2388.302,0.7252140211514178,0.8653949789301257
16,sensor_8,209,0.0006024896156475606,2388.121,2388.268,0.5201945300078101,0.6933431302240913
17,sensor_8,276,0.00039245444556641946,2388.0159999999996,2388.156,0.4398683407592313,0.6347185384263023
18,sensor_8,195,0.00039206007542428505,2388.0110000000004,2388.206,0.19432593842630963,0.4110867074323029
20,sensor_8,234,0.0005865147545324414,2388.0834999999997,2388.2580000000003,0.5805252095720521,0.7469617335222615
21,sensor_8,195,0.0002276780656827105,2388.085,2388.1760000000004,0.1175007864569626,0.3051721220853018
22,sensor_8,202,0.0006328451387876534,2388.1330000000003,2388.268,0.5877006059196651,0.7639118728303137
24,sensor_8,147,0.0015329545368589928,2388.0335,2388.308,0.6858954981967853,0.8335085558191989
25,sensor_8,230,0.00018070860220745197,2388.111,2388.1839999999997,0.11887259952839824,0.32532612989734505
26,sensor_8,199,0.00010682198873985837,2388.12,2388.168,0.047484395160383164,0.22122268414487398
27,sensor_8,156,0.0006160168165426258,2388.058,2388.1639999999998,0.44568538135859836,0.6524502929876524
28,sensor_8,165,0.0012243207864793125,2387.995,2388.218,0.7051811325596891,0.8383280004358263
29,sensor_8,163,0.001270498390047689,2388.0599999999995,2388.264,0.6949258494879667,0.8297672567688932
30,sensor_8,194,0.0012513384804324612,2387.9935,2388.27,0.6931676252082595,0.8382932531112525
33,sensor_8,200,0.001161201530040477,2387.9925,2388.27,0.7001048887018427,0.841271916954013
35,sensor_8,181,0.00069775160382215,2388.0555,2388.214,0.5324432372653327,0.7237934393098648
36,sensor_8,158,0.0010019030696928248,2388.0800000000004,2388.2740000000003,0.6940963904367061,0.8477613826422046
37,sensor_8,170,0.0010682641166193418,2388.0865000000003,2388.278,0.6789172778809903,0.8224162982141712
38,sensor_8,194,9.8137426908899e-05,2388.1195,2388.188,0.021727300550162254,0.11585188207631394
39,sensor_8,128,0.0013932887749542075,2388.1189999999997,2388.326,0.6397735977691563,0.7957921239098874
41,sensor_8,216,0.0005808297312374796,2388.0150000000003,2388.1719999999996,0.5110187243027182,0.6922441543571228
42,sensor_8,196,0.0008983257496647843,2388.0385,2388.2479999999996,0.6245022283886497,0.7824286807102019
43,sensor_8,207,0.0011718944485991098,2388.015,2388.31,0.7196657703290912,0.8677573741955102
44,sensor_8,192,0.000985244350710762,2388.0225,2388.222,0.6718267640526101,0.8193999126203991
47,sensor_8,214,0.0007764876588318624,2387.9985,2388.2119999999995,0.6053750526852926,0.7646977179445035
48,sensor_8,231,0.0003445355244415048,2387.9975000000004,2388.2140000000004,0.2118828006214103,0.46791983646160284
49,sensor_8,215,0.0006241396797787617,2388.1144999999997,2388.274,0.5922048923455139,0.7634891277378975
50,sensor_8,198,0.0006021338812264996,2388.058,2388.186,0.5468588787294587,0.7316219378138443
51,sensor_8,213,0.0004663459508580377,2388.0054999999998,2388.3139999999994,0.2014563190387858,0.5006713095104608
52,sensor_8,213,0.000475560114341852,2388.093,2388.2120000000004,0.4477153164915474,0.6582446621789473
53,sensor_8,195,0.0003659227370611377,2388.054,2388.1679999999997,0.32059341211930625,0.5279912963385157
55,sensor_8,193,8.840339725618543e-05,2388.087,2388.1519999999996,0.0248643646646044,0.12309637885017448
56,sensor_8,275,0.00012782666396854165,2388.108,2388.178,0.09566750007718461,0.2856741803121059
57,sensor_8,137,0.0015820374484239099,2388.0724999999998,2388.318,0.6405068107339054,0.78683084909987
58,sensor_8,147,0.001494420056065589,2388.036,2388.2960000000003,0.6789598869566436,0.8225813061259462
59,sensor_8,231,0.0009144259039284763,2387.9995000000004,2388.246,0.7051514693022478,0.8466540561088248
60,sensor_8,172,0.0004326534173801517,2388.088,2388.188,0.2978074299287453,0.5381997465970189
61,sensor_8,185,0.0014287934498283235,2387.987,2388.28,0.7304315997383977,0.859194745372899
62,sensor_8,180,0.000924503842707668,2388.1080000000006,2388.2740000000003,0.624280297830367,0.7889616027428664
63,sensor_8,174,0.00028966656225729324,2388.0930000000003,2388.1859999999997,0.14480867277092768,0.34652249354430115
64,sensor_8,283,0.00040334783681126663,2388.067,2388.2219999999998,0.47806745669776496,0.6776929707517905
65,sensor_8,153,0.0015796509991596332,2388.0029999999997,2388.2860000000005,0.7179529198935373,0.868625864143389
66,sensor_8,202,0.0005132703550483497,2388.115,2388.2259999999997,0.47624186131155677,0.6773351544461986
67,sensor_8,313,0.0005149976597935394,2388.0565,2388.256,0.6053165694232647,0.7681859898926447
68,sensor_8,199,0.0002860057865174684,2388.0815,2388.1879999999996,0.2392386243767507,0.47962849571755545
69,sensor_8,362,0.0005567461028670095,2388.0454999999997,2388.2779999999993,0.7177265864648297,0.8564102236287132
70,sensor_8,137,0.0008632646965387942,2388.074,2388.194,0.5358823315770203,0.6987576847839487
72,sensor_8,213,0.001003710501407029,2388.0775000000003,2388.318,0.6851652304908726,0.8245808506716562
73,sensor_8,213,0.0007035423615441431,2388.148,2388.306,0.5992467427007998,0.753421112525697
75,sensor_8,229,0.0007826286810629477,2388.104,2388.3199999999997,0.6460970209361636,0.7891948598935867
76,sensor_8,210,0.0007219211319954144,2388.1025,2388.262,0.6314599744068965,0.7869818234303237
79,sensor_8,199,0.0008130957819424919,2388.012,2388.202,0.6253136711062544,0.7868857397364463
80,sensor_8,185,0.0001303210644024871,2388.118,2388.174,0.05050549704939955,0.2310516129274461
82,sensor_8,214,0.00048306706134897234,2388.0024999999996,2388.1400000000003,0.3696885370940083,0.5568175843287119
83,sensor_8,293,0.0008201097073534431,2387.9989999999993,2388.266,0.7136081364034845,0.8443971768949148
85,sensor_8,188,0.0008494203613078762,2388.0730000000003,2388.2860000000005,0.6040356270288072,0.7710305937749297
86,sensor_8,278,0.0005589230723239375,2388.056,2388.2219999999998,0.6302606635089311,0.7849362434990319
87,sensor_8,178,0.0011345644192279724,2388.0650000000005,2388.2940000000003,0.6923480227210503,0.8350619761855351
88,sensor_8,213,0.0005401213487916159,2388.0255,2388.15,0.5045962084104926,0.7001155321793529
89,sensor_8,217,0.0006973510524825472,2388.0575,2388.21,0.616871892210449,0.7727072471710702
90,sensor_8,154,0.001570960348941321,2388.015,2388.29,0.7321009632918427,0.8650904623342108
92,sensor_8,341,0.0003021859461487129,2388.049,2388.196,0.4387252764924914,0.6464609149506139
93,sensor_8,155,0.0012305114240611418,2388.033,2388.238,0.640224209568705,0.7725265908141853
94,sensor_8,258,6.486598288763501e-05,2388.1349999999998,2388.176,0.023429714165961624,0.13765477725954767
95,sensor_8,283,0.0005866391492310725,2387.9919999999997,2388.1639999999998,0.6469196885889544,0.7907553793719594
96,sensor_8,336,0.0004932918071793237,2388.0460000000003,2388.2400000000002,0.6174365315375853,0.7841788515837529
97,sensor_8,202,0.00020604920576302693,2388.048,2388.1539999999995,0.0867061198946768,0.24142810204923992
98,sensor_8,156,0.0014441529294485723,2388.005,2388.2519999999995,0.6984279304742878,0.825995787387781
99,sensor_8,185,0.0010540351010149636,2388.0445,2388.286,0.6028806609190525,0.7557480695951159
100,sensor_8,200,0.0007994299857542166,2388.059,2388.234,0.6088856033508874,0.7693233301159511
2,sensor_9,287,0.12553569905702183,9053.096,9096.808,0.6956258206302143,0.8514928633872616
3,sensor_9,179,0.5720768522587258,9054.2755,9188.333999999999,0.7093263172262312,0.9418235629819269
4,sensor_9,189,0.5558976697061382,9049.975,9193.282,0.6914070394479832,0.9414501527773147
6,sensor_9,188,-0.04504843716982192,9041.933500000003,9031.890000000001,0.25638230817406005,-0.4713272151529563
7,sensor_9,259,0.02941605597419383,9069.2375,9076.124000000002,0.21530101494375387,0.4613767047385411
8,sensor_9,150,0.023764398417697445,9042.732,9045.358000000002,0.061405083810444294,0.24040684728491646
9,sensor_9,201,0.5715988473474078,9064.6525,9221.288,0.6924346355628597,0.9399677921918647
10,sensor_9,222,0.21595462170775423,9051.715499999998,9112.532000000001,0.7280891432620131,0.8935039095909246
12,sensor_9,170,0.02383710407244202,9046.999,9051.912,0.07311959906536092,0.2724623061018393
14,sensor_9,180,0.31349408932372175,9058.033500000001,9129.786,0.7184295164892047,0.8989565500117799
15,sensor_9,207,-0.04008665616781687,9057.642999999998,9044.859999999999,0.23861464107445873,-0.46424206960713654
16,sensor_9,209,0.01531552657871272,9055.557499999999,9062.114,0.04113224464693155,0.1960942824695928
17,sensor_9,276,0.30971512963571046,9062.394,9173.668,0.7221106075003033,0.9337287618762
18,sensor_9,195,0.5888175403388872,9059.6845,9213.938,0.7011398411941174,0.9381454686263387
20,sensor_9,234,0.06856745549521778,9056.563,9074.296000000002,0.5577698288887731,0.7487826853360253
21,sensor_9,195,0.44206818365727396,9045.522,9160.566,0.7074687256810184,0.9228271895010635
22,sensor_9,202,0.04278315295689445,9044.1545,9053.064000000002,0.27210568456652595,0.526135752320392
24,sensor_9,147,-0.10208773772375603,9064.7245,9045.346000000001,0.43763425019582924,-0.6268172918702253
25,sensor_9,230,0.329138813341608,9046.929500000002,9145.594000000001,0.7004490370047863,0.9186119680924072
26,sensor_9,199,0.41792352672456995,9045.613999999998,9153.768,0.7222117614310267,0.9289053770866855
27,sensor_9,156,0.37852654454646023,9063.251999999999,9137.534,0.70402334122621,0.8878640197439354
28,sensor_9,165,0.12434971816314094,9061.9015,9086.396,0.5319858804318753,0.7020010498856213
29,sensor_9,163,-0.04643226871944347,9059.101,9048.786000000002,0.17347105256225637,-0.3856952746879266
30,sensor_9,194,-0.04643837237491802,9062.031500000001,9050.166000000001,0.263346783257433,-0.48748993311063527
33,sensor_9,200,-0.021159048976192953,9061.838,9055.196,0.06551268210532757,-0.24234253526009675
35,sensor_9,181,0.19496409851661048,9054.9005,9098.464000000002,0.7055907809246255,0.8549174405891277
36,sensor_9,158,-0.016808243288708703,9059.301,9055.568000000001,0.03498283001737579,-0.17959743122099806
37,sensor_9,170,-0.03099534077094792,9046.339000000002,9039.806,0.09788323630282869,-0.30830605765108293
38,sensor_9,194,0.4172354616165024,9048.488000000001,9152.158000000001,0.6997619236002831,0.8889899684693028
39,sensor_9,128,-0.06774234343524399,9045.751,9037.826,0.237655653607577,-0.46811749289754784
41,sensor_9,216,0.31873352266636074,9063.699,9150.918,0.72868559243787,0.9114120000944346
42,sensor_9,196,0.023634581517102245,9062.086,9067.004,0.08812574446122823,0.2935780840091242
43,sensor_9,207,-0.05651608381766294,9054.792000000001,9040.28,0.36036955214887767,-0.5897932932350554
44,sensor_9,192,0.07638402666632439,9067.4745,9082.655999999999,0.47567186485937296,0.6767702756422848
47,sensor_9,214,0.1581536346966743,9063.716,9106.908000000001,0.6934847908290822,0.8309206043306487
48,sensor_9,231,0.4874082828715597,9064.4745,9216.748,0.7015332246425625,0.9445821734012486
49,sensor_9,215,0.07417260740417102,9045.624499999998,9063.888,0.43910557272140094,0.6475226166897924
50,sensor_9,198,0.26946153626154506,9062.765499999998,9130.984,0.6997100037629753,0.8659727115106297
51,sensor_9,213,0.5410308065994042,9065.8395,9223.844000000001,0.6857435822719626,0.9322469213388057
52,sensor_9,213,0.22716460817450404,9048.472,9111.5,0.6882850251800858,0.8510594306310465
53,sensor_9,195,0.41003269190308483,9060.731499999998,9162.644,0.7178782778164416,0.9233785707319059
55,sensor_9,193,0.5477114603920835,9049.9035,9191.314,0.7041617120158132,0.9436848652704721
56,sensor_9,275,0.27870116846022275,9053.0975,9150.798,0.7441291178315705,0.9302609595318349
57,sensor_9,137,-0.0920731047099847,9049.385,9036.022,0.3627268065032593,-0.5695364083906783
58,sensor_9,147,-0.10024873629570494,9064.4545,9044.854000000001,0.4615162522186451,-0.6533709738227134
59,sensor_9,231,0.04387043166730467,9055.695,9067.655999999999,0.32812241647643725,0.5682292286600955
60,sensor_9,172,0.3662532810719811,9054.175,9134.18,0.7042840188214253,0.8866227617644379
61,sensor_9,185,-0.10739009135364715,9061.762999999999,9038.916000000001,0.590056356555962,-0.7524594001188443
62,sensor_9,180,-0.0517819480025578,9056.729499999998,9044.234,0.2775508627873715,-0.4968669187704835
63,sensor_9,174,0.5084797972607433,9056.2055,9170.732,0.7032005832839439,0.9288417753189628
64,sensor_9,283,0.14537050057655976,9056.9155,9105.901999999998,0.7141154875893627,0.8618168360440526
65,sensor_9,153,-0.12732271856107474,9061.983,9039.052,0.5169607882130802,-0.6824397619398248
66,sensor_9,202,0.0782068150201788,9059.054,9075.367999999999,0.5158995725591884,0.7028178390543226
67,sensor_9,313,0.03420822421507946,9063.435000000001,9074.824,0.3942083128510041,0.6205820840733369
68,sensor_9,199,0.3791376427592751,9061.8095,9158.832,0.7269813353161583,0.9299648697511462
69,sensor_9,362,-0.0051734290077142765,9058.988000000001,9055.829999999998,0.015969453874753237,-0.11308066136504444
70,sensor_9,137,0.25441820523826464,9058.12,9100.158,0.6790403507451406,0.835923362068152
72,sensor_9,213,-0.06241335333461159,9044.779,9030.422,0.3867549909913519,-0.5740526816945346
73,sensor_9,213,0.0079991232884828,9041.784,9044.823999999999,0.01643836397066989,0.11994947103866119
75,sensor_9,229,-0.043463921337429746,9044.4005,9027.890000000001,0.2718669962764926,-0.47749923868047395
76,sensor_9,210,0.01730470726579067,9053.557499999999,9056.047999999999,0.062249021796777604,0.2257218698056893
79,sensor_9,199,0.17306339272122842,9056.7555,9099.692,0.6683732191215084,0.8372471059795369
80,sensor_9,185,0.45666445547933965,9053.697,9158.672,0.7310530608478261,0.9353421051269426
82,sensor_9,214,0.47318068637862604,9061.8665,9200.212,0.6879225307195447,0.9281964108787857
83,sensor_9,293,-0.016479331832779658,9056.674500000001,9047.967999999999,0.09359452353419451,-0.278651351980023
85,sensor_9,188,0.044874419142258634,9048.0335,9053.574,0.23825621078991177,0.46276731917458364
86,sensor_9,278,0.06943038930914276,9060.9535,9079.362,0.5779501818861971,0.7737382219854095
87,sensor_9,178,-0.0546865667513154,9063.389,9050.68,0.25209663982232355,-0.4725624239022289
88,sensor_9,213,0.3049918910394097,9064.545499999998,9145.444,0.7401360323786648,0.9112493305914153
89,sensor_9,217,0.1295800039459091,9047.779999999999,9081.874,0.6373343855250717,0.7859271649103208
90,sensor_9,154,-0.09508681830504391,9055.903999999999,9035.952,0.3946271805251116,-0.6005099551454582
92,sensor_9,341,0.18754461321493193,9054.5205,9136.27,0.746544299158791,0.9300603927661006
93,sensor_9,155,0.03958364216430476,9060.733499999998,9064.386,0.1382002088219637,0.3738144881411829
94,sensor_9,258,0.31854382751226784,9046.1315,9148.978,0.7332884646118101,0.920009384376013
95,sensor_9,283,0.13577528852538587,9069.9445,9118.787999999999,0.6865376605579132,0.8426410841735422
96,sensor_9,336,0.05374448286334411,9051.999,9075.636,0.5571581689011932,0.7294402138786669
97,sensor_9,202,0.5784139197685735,9046.279,9203.62,0.699189146959563,0.9343105492232286
98,sensor_9,156,-0.037143888985495935,9069.3105,9059.394,0.1108329787107264,-0.3245443575331549
99,sensor_9,185,0.007186744247765509,9055.740500000002,9057.078,0.009523600286448275,0.1187147886503066
100,sensor_9,200,0.03752003300084172,9061.801,9066.346,0.2109001766328783,0.45166472723964624
2,sensor_10,287,6.952589201683774e-19,1.3000000000000003,1.3,,
3,sensor_10,179,5.007150989497943e-18,1.3000000000000003,1.3,,
4,sensor_10,189,9.680638078536473e-20,1.3000000000000003,1.3,,
6,sensor_10,188,3.2317971245496087e-19,1.3000000000000003,1.3,,
7,sensor_10,259,2.8572704916738373e-18,1.3000000000000003,1.3,,
8,sensor_10,150,-4.943721159584539e-18,1.3000000000000003,1.3,,
9,sensor_10,201,2.8695041945408908e-18,1.3000000000000003,1.3,,
10,sensor_10,222,3.028574128171344e-18,1.3000000000000003,1.3,,
12,sensor_10,170,6.8722185808696656e-18,1.3000000000000003,1.3,,
14,sensor_10,180,-2.7262691823548884e-18,1.3000000000000003,1.3,,
15,sensor_10,207,1.3194002664044805e-18,1.3000000000000003,1.3,,
16,sensor_10,209,4.0591451604553896e-18,1.3000000000000003,1.3,,
17,sensor_10,276,-2.1345566104456026e-18,1.3000000000000003,1.3,,
18,sensor_10,195,1.825771990894697e-18,1.3000000000000003,1.3,,
20,sensor_10,234,1.4710029797784779e-19,1.3000000000000003,1.3,,
21,sensor_10,195,1.825771990894697e-18,1.3000000000000003,1.3,,
22,sensor_10,202,3.136852920031075e-18,1.3000000000000003,1.3,,
24,sensor_10,147,-9.754289615533582e-19,1.3000000000000003,1.3,,
25,sensor_10,230,2.54492229736841e-18,1.3000000000000003,1.3,,
26,sensor_10,199,3.670540014454135e-18,1.3000000000000003,1.3,,
27,sensor_10,156,-1.7122796055008986e-18,1.3000000000000003,1.3,,
28,sensor_10,165,-1.4565373261683295e-19,1.3000000000000003,1.3,,
29,sensor_10,163,-1.989742942394969e-18,1.3000000000000003,1.3,,
30,sensor_10,194,-4.109891919742448e-18,1.3000000000000003,1.3,,
33,sensor_10,200,2.7770551135902365e-18,1.3000000000000003,1.3,,
35,sensor_10,181,4.781699816791759e-18,1.3000000000000003,1.3,,
36,sensor_10,158,-2.01383881203132e-18,1.3000000000000003,1.3,,
37,sensor_10,170,6.8722185808696656e-18,1.3000000000000003,1.3,,
38,sensor_10,194,-4.109891919742448e-18,1.3000000000000003,1.3,,
39,sensor_10,128,4.402533825918977e-18,1.3000000000000003,1.3,,
41,sensor_10,216,-7.128951571126693e-19,1.3000000000000003,1.3,,
42,sensor_10,196,-4.76410784235422e-18,1.3000000000000003,1.3,,
43,sensor_10,207,1.3194002664044805e-18,1.3000000000000003,1.3,,
44,sensor_10,192,3.12083931979238e-18,1.3000000000000003,1.3,,
47,sensor_10,214,1.3164506291690322e-18,1.3000000000000003,1.3,,
48,sensor_10,231,-1.8963403067724605e-18,1.3000000000000003,1.3,,
49,sensor_10,215,-1.3449309570891062e-18,1.3000000000000003,1.3,,
50,sensor_10,198,-1.5023880126458775e-19,1.3000000000000003,1.3,,
51,sensor_10,213,-3.505005555700182e-18,1.3000000000000003,1.3,,
52,sensor_10,213,-3.505005555700182e-18,1.3000000000000003,1.3,,
53,sensor_10,195,1.825771990894697e-18,1.3000000000000003,1.3,,
55,sensor_10,193,3.133535109190737e-18,1.3000000000000003,1.3,,
56,sensor_10,275,-1.808482409622046e-18,1.3000000000000003,1.3,,
57,sensor_10,137,-2.651640913164799e-18,1.3000000000000003,1.3,,
58,sensor_10,147,-9.754289615533582e-19,1.3000000000000003,1.3,,
59,sensor_10,231,-1.8963403067724605e-18,1.3000000000000003,1.3,,
60,sensor_10,172,-7.157289800650273e-18,1.3000000000000003,1.3,,
61,sensor_10,185,-1.255612965141491e-18,1.3000000000000003,1.3,,
62,sensor_10,180,-2.7262691823548884e-18,1.3000000000000003,1.3,,
63,sensor_10,174,5.474427300006968e-18,1.3000000000000003,1.3,,
64,sensor_10,283,4.385098745110822e-20,1.3000000000000003,1.3,,
65,sensor_10,153,5.971370692879101e-19,1.3000000000000003,1.3,,
66,sensor_10,202,3.136852920031075e-18,1.3000000000000003,1.3,,
67,sensor_10,313,-2.0595038776446842e-18,1.3000000000000003,1.3,,
68,sensor_10,199,3.670540014454135e-18,1.3000000000000003,1.3,,
69,sensor_10,362,2.5945772076780808e-18,1.3000000000000003,1.3,,
70,sensor_10,137,-2.651640913164799e-18,1.3000000000000003,1.3,,
72,sensor_10,213,-3.505005555700182e-18,1.3000000000000003,1.3,,
73,sensor_10,213,-3.505005555700182e-18,1.3000000000000003,1.3,,
75,sensor_10,229,-1.4575455368247908e-18,1.3000000000000003,1.3,,
76,sensor_10,210,4.478685172376375e-19,1.3000000000000003,1.3,,
79,sensor_10,199,3.670540014454135e-18,1.3000000000000003,1.3,,
80,sensor_10,185,-1.255612965141491e-18,1.3000000000000003,1.3,,
82,sensor_10,214,1.3164506291690322e-18,1.3000000000000003,1.3,,
83,sensor_10,293,-1.6956569662921973e-18,1.3000000000000003,1.3,,
85,sensor_10,188,3.2317971245496087e-19,1.3000000000000003,1.3,,
86,sensor_10,278,4.514693677925217e-19,1.3000000000000003,1.3,,
87,sensor_10,178,-1.761115649228772e-18,1.3000000000000003,1.3,,
88,sensor_10,213,-3.505005555700182e-18,1.3000000000000003,1.3,,
89,sensor_10,217,-4.3521297468112415e-18,1.3000000000000003,1.3,,
90,sensor_10,154,-1.7117241453060683e-18,1.3000000000000003,1.3,,
92,sensor_10,341,-1.453159909499718e-18,1.3000000000000003,1.3,,
93,sensor_10,155,2.223487264384568e-18,1.3000000000000003,1.3,,
94,sensor_10,258,6.953760099094837e-19,1.3000000000000003,1.3,,
95,sensor_10,283,4.385098745110822e-20,1.3000000000000003,1.3,,
96,sensor_10,336,-2.0606379047250384e-19,1.3000000000000003,1.3,,
97,sensor_10,202,3.136852920031075e-18,1.3000000000000003,1.3,,
98,sensor_10,156,-1.7122796055008986e-18,1.3000000000000003,1.3,,
99,sensor_10,185,-1.255612965141491e-18,1.3000000000000003,1.3,,
100,sensor_10,200,2.7770551135902365e-18,1.3000000000000003,1.3,,
2,sensor_11,287,0.003024947613362232,47.1485,48.184000000000005,0.73080987222582,0.8760854991662848
3,sensor_11,179,0.003767392714414235,47.224000000000004,48.134,0.648523287020219,0.8270152059387644
4,sensor_11,189,0.003056524289446859,47.351499999999994,48.156000000000006,0.5635804851632945,0.730435442993276
6,sensor_11,188,0.003389780154486048,47.554500000000004,48.194,0.7017071832491499,0.8250732790959218
7,sensor_11,259,0.0031576864367563284,47.2045,48.096,0.7461112392516689,0.8747060298303886
8,sensor_11,150,0.003924814436196983,47.536500000000004,48.212,0.6684213285367456,0.8088143095626369
9,sensor_11,201,0.0031521353627899703,47.158500000000004,47.94,0.6129229529955804,0.78638984250464
10,sensor_11,222,0.003757186157608176,47.1375,48.054,0.7570593109563124,0.8738888414566085
12,sensor_11,170,0.0035285568603026923,47.52499999999999,48.117999999999995,0.6453683703805866,0.7930400204771486
14,sensor_11,180,0.0033346605347900284,47.477500000000006,48.2,0.6692476428533848,0.8214075470179921
15,sensor_11,207,0.004209663278890826,47.146499999999996,48.186,0.7563879462578245,0.8842810402707924
16,sensor_11,209,0.002315973500184105,47.57749999999999,48.135999999999996,0.6154024972536631,0.7814519955306027
17,sensor_11,276,0.002470138839343056,47.196000000000005,48.11,0.6503525982410687,0.8149905011507352
18,sensor_11,195,0.00324319862758734,47.253499999999995,48.08399999999999,0.5899088694006833,0.7556075308451201
20,sensor_11,234,0.002526742669560714,47.5105,48.224000000000004,0.6578788650903846,0.806388257390503
21,sensor_11,195,0.0028144977261324988,47.42100000000001,48.083999999999996,0.6316420673766747,0.8064578865117884
22,sensor_11,202,0.002525141934089018,47.6125,48.128,0.6094632476931747,0.7780850498245885
24,sensor_11,147,0.005220364339737834,47.272,48.194,0.7164403408123996,0.8492467860838202
25,sensor_11,230,0.0022492017191087102,47.44950000000001,48.08,0.5926509409227969,0.7640526716888817
26,sensor_11,199,0.002388107202680172,47.51049999999999,48.053999999999995,0.5879005135407211,0.7528727902730715
27,sensor_11,156,0.0038229204532878847,47.4285,48.098,0.6633396578718762,0.8212660544410173
28,sensor_11,165,0.005138273715705525,47.1535,48.147999999999996,0.7135868190186101,0.8632311883766092
29,sensor_11,163,0.004285112585277047,47.37949999999999,48.193999999999996,0.6669940051252577,0.8185906715887025
30,sensor_11,194,0.00412801748756,47.131,48.104000000000006,0.6793617415247664,0.8247805967900055
33,sensor_11,200,0.004426708167704247,47.1455,48.196,0.7487563382650193,0.8887872165709594
35,sensor_11,181,0.003724849735899418,47.346000000000004,48.102,0.6904820686399137,0.8194689023704181
36,sensor_11,158,0.003765598402090556,47.498000000000005,48.108000000000004,0.6651992833979565,0.8032059322142713
37,sensor_11,170,0.0038364201488757244,47.43,48.168,0.6892843907731867,0.8479727752039599
38,sensor_11,194,0.0026106922296226754,47.4585,48.134,0.5948940063224939,0.7618200492519682
39,sensor_11,128,0.0048490432155285715,47.515,48.198,0.6780558187606818,0.824839044187077
41,sensor_11,216,0.0033344586146536147,47.257,48.221999999999994,0.6388639154416242,0.7961604006187946
42,sensor_11,196,0.0036084995497612463,47.33,48.044,0.7187887997041178,0.842401095299829
43,sensor_11,207,0.00382111082248261,47.2025,48.122,0.7178943736488423,0.8559090233325972
44,sensor_11,192,0.003967121503946992,47.278,48.108000000000004,0.6979586322597968,0.8306585093737626
47,sensor_11,214,0.0038478040597421845,47.190999999999995,48.124,0.7249371139028534,0.865615811409093
48,sensor_11,231,0.002459013999493789,47.237,47.980000000000004,0.5681615286735965,0.7359659670028169
49,sensor_11,215,0.0027879446497138835,47.49249999999999,48.17399999999999,0.6382213751144843,0.795046125088683
50,sensor_11,198,0.0033670274151870383,47.376,48.153999999999996,0.6868212024358096,0.8444216418800619
51,sensor_11,213,0.0027963868557845835,47.21399999999999,48.028,0.5774264958772781,0.7672544700401626
52,sensor_11,213,0.0029492153059424383,47.4345,48.160000000000004,0.651234866097772,0.798009321000777
53,sensor_11,195,0.003034520707569226,47.3815,48.114000000000004,0.6333829348965003,0.78324728086407
55,sensor_11,193,0.002714598579135891,47.415000000000006,48.11,0.506878269654887,0.7004725618645881
56,sensor_11,275,0.0017236779088888401,47.58200000000001,48.08,0.5534782264536793,0.7332737983328137
57,sensor_11,137,0.005359923086975071,47.3505,48.274,0.665267418657677,0.8232893041401992
58,sensor_11,147,0.004835321762914711,47.352999999999994,48.158,0.6841869989115501,0.822388239700736
59,sensor_11,231,0.0038790085476740825,47.10949999999999,48.169999999999995,0.7551295973794729,0.8903036600806351
60,sensor_11,172,0.003361433224141003,47.436,48.104,0.5887017070964892,0.7408425959733186
61,sensor_11,185,0.004842993063189364,47.150000000000006,48.196,0.7221977341567376,0.8580047167468396
62,sensor_11,180,0.0028073808862412214,47.596500000000006,48.108,0.5961364658022236,0.757860233035344
63,sensor_11,174,0.002983330960448779,47.437999999999995,48.160000000000004,0.5712564871270032,0.740755577329473
64,sensor_11,283,0.0023281422237658492,47.3965,48.122,0.6769640618473793,0.823012741484225
65,sensor_11,153,0.005137308511921634,47.194500000000005,48.145999999999994,0.6679404747733548,0.8198805940588044
66,sensor_11,202,0.002676295642210349,47.6075,48.152,0.6144276352154786,0.7804820882489676
67,sensor_11,313,0.0022088167017045275,47.347500000000004,48.166000000000004,0.6967524455916883,0.832659413371275
68,sensor_11,199,0.0027097000152279016,47.422999999999995,48.184,0.5850523574982847,0.7762164333671188
69,sensor_11,362,0.002034820251949667,47.3545,48.132000000000005,0.7199038345439839,0.8625914831201409
70,sensor_11,137,0.004697294976384479,47.438,48.104,0.6421619910715333,0.7804574856094704
72,sensor_11,213,0.0034747579108931146,47.3635,48.176,0.7038650381199236,0.8356429662525265
73,sensor_11,213,0.0025866342473815315,47.559,48.13000000000001,0.6736687116591309,0.820781729709697
75,sensor_11,229,0.0026759965225385,47.467,48.13,0.6781319817075337,0.8182846238719096
76,sensor_11,210,0.002871156780361234,47.4685,48.160000000000004,0.660477477907766,0.8086486461219661
79,sensor_11,199,0.004363864778437807,47.135999999999996,48.138,0.7461666013158305,0.8769033665553215
80,sensor_11,185,0.002331128463667043,47.565000000000005,48.141999999999996,0.45735888116989076,0.6458578286587581
82,sensor_11,214,0.0034419216887939474,47.153499999999994,48.182,0.6448545023029775,0.8009339980072433
83,sensor_11,293,0.002855062825541671,47.17100000000001,48.194,0.7133946953986925,0.8613152052374713
85,sensor_11,188,0.0035820840263895365,47.356500000000004,48.178,0.7175612580993032,0.8558319560708234
86,sensor_11,278,0.002339552371146147,47.4245,48.176,0.6600115005645317,0.8131827996014231
87,sensor_11,178,0.003556821845054399,47.421,48.182,0.6373996665725457,0.7934182192205321
88,sensor_11,213,0.0030693968075778356,47.31850000000001,48.152,0.6581049859195076,0.8095530801527828
89,sensor_11,217,0.0035578409128274716,47.2185,48.148,0.6992622633443305,0.8342619401775505
90,sensor_11,154,0.005336980540016364,47.199,48.132,0.7177283888844905,0.8564396031215599
92,sensor_11,341,0.0019141661294861444,47.333499999999994,48.116,0.6580954364616526,0.8034456948046658
93,sensor_11,155,0.005165963069188896,47.266000000000005,48.116,0.7313531036671093,0.8642765978123117
94,sensor_11,258,0.0017654441027892254,47.558,48.129999999999995,0.5374927025647003,0.7171133064207165
95,sensor_11,283,0.0029191758323794345,47.11500000000001,48.174,0.720347443062606,0.8637500925013623
96,sensor_11,336,0.002287321341575265,47.2805,48.14,0.7255232217555027,0.847357612933797
97,sensor_11,202,0.002554646171182932,47.316500000000005,48.077999999999996,0.512340202683026,0.694203956910067
98,sensor_11,156,0.0057223056376537905,47.17999999999999,48.20799999999999,0.7572129067667681,0.8811239755227352
99,sensor_11,185,0.004264091581062085,47.2735,48.25599999999999,0.6958278335533965,0.8420301515590354
100,sensor_11,200,0.003591329783244666,47.407999999999994,48.157999999999994,0.7059496394192069,0.8468307787269825
2,sensor_12,287,-0.007947540264614104,522.4504999999999,519.8499999999999,0.6808708389896247,-0.8309242412721046
3,sensor_12,179,-0.00851595421923686,522.1535,520.222,0.5504108694916456,-0.7442854405516226
4,sensor_12,189,-0.006926696173059928,521.8535,519.988,0.5108291232906498,-0.6868737791098808
6,sensor_12,188,-0.008722112958658624,521.495,519.346,0.6319921346673288,-0.7927406122498731
7,sensor_12,259,-0.008751763007575492,522.1955,519.58,0.6854673458284155,-0.8450166096728527
8,sensor_12,150,-0.01022600115560779,521.3545000000001,519.676,0.6117266686105782,-0.7811816887255886
9,sensor_12,201,-0.00807994680065078,522.5615,520.268,0.5860328450673193,-0.7604492340120506
10,sensor_12,222,-0.009993282042872352,522.434,519.9060000000001,0.7302059357112263,-0.8606636793540414
12,sensor_12,170,-0.00998997319263787,521.3775,519.4739999999999,0.6159571241454536,-0.7745712614049557
14,sensor_12,180,-0.007649114684610254,521.533,520.098,0.5792143402228962,-0.7453908202336007
15,sensor_12,207,-0.011432201188427357,522.4955000000001,519.798,0.720277466277943,-0.8593654344066282
16,sensor_12,209,-0.007540078342710147,521.302,519.534,0.6014270359739168,-0.7683609998523577
17,sensor_12,276,-0.006603458854754566,522.3104999999999,519.884,0.6586552237571206,-0.8070269478780391
18,sensor_12,195,-0.007509200666785658,522.1395,520.162,0.5026641888138079,-0.6934091040087345
20,sensor_12,234,-0.006138153874252095,521.3795000000001,519.768,0.5100620443058883,-0.6912612937326247
21,sensor_12,195,-0.006991956497110806,521.7594999999999,520.29,0.5634744164105951,-0.7405905802419399
22,sensor_12,202,-0.0067647836028351905,521.1119999999999,519.462,0.5249013093580446,-0.6879214932438517
24,sensor_12,147,-0.014068107805879524,522.0930000000001,519.606,0.7166120980450453,-0.8468888326486574
25,sensor_12,230,-0.005364832243889819,521.4695000000002,520.1479999999999,0.5133276866195255,-0.6886908834327917
26,sensor_12,199,-0.0054625856555483914,521.4215,520.1719999999999,0.41361126505236634,-0.6241939823823326
27,sensor_12,156,-0.009781858987531762,521.7145000000002,519.996,0.5758107033602325,-0.748674876756138
28,sensor_12,165,-0.012977533192637598,522.357,519.884,0.6688407607319103,-0.8180394959838148
29,sensor_12,163,-0.011629286027011696,521.9905,519.726,0.6712584708867642,-0.8209980559189399
30,sensor_12,194,-0.01245827597966979,522.486,519.568,0.693827183268817,-0.8382356998259564
33,sensor_12,200,-0.012246246156151705,522.5125,519.592,0.6840100121350678,-0.8190612848653209
35,sensor_12,181,-0.00976832007771147,521.6835,519.898,0.6462351685651283,-0.775607970246279
36,sensor_12,158,-0.011797054577485772,521.681,519.5699999999999,0.6833686149021481,-0.8197505938534322
37,sensor_12,170,-0.011276237932107457,521.7075000000001,519.58,0.6810959338714522,-0.8231968434024315
38,sensor_12,194,-0.006556955783921354,521.5314999999999,519.63,0.4935315693247727,-0.6989814132512608
39,sensor_12,128,-0.014215888802416522,521.5525000000001,519.466,0.6781721139459025,-0.8319231103473357
41,sensor_12,216,-0.0089726538777567,522.2665,519.876,0.6418587031113947,-0.784239824811938
42,sensor_12,196,-0.01053622229836918,522.0425,519.8399999999999,0.7021230616449967,-0.826252267360785
43,sensor_12,207,-0.011368260977800302,522.304,519.684,0.733878306305101,-0.870909323364492
44,sensor_12,192,-0.010208415280904246,522.1544999999999,519.952,0.6638266368996129,-0.8225267510176792
47,sensor_12,214,-0.0099883123999377,522.462,520.1,0.6943430546802978,-0.8215131956052695
48,sensor_12,231,-0.006182762514846825,522.2620000000001,520.4799999999999,0.5353622564504535,-0.7045482713786618
49,sensor_12,215,-0.007801069815740757,521.607,519.482,0.655405933108637,-0.8130423464856585
50,sensor_12,198,-0.009569482545784665,521.976,519.708,0.6725228136668606,-0.8233076507702423
51,sensor_12,213,-0.006681808360302604,522.3465000000001,520.392,0.5265211207952429,-0.7025755971022454
52,sensor_12,213,-0.007181620848349552,521.546,519.642,0.591730417159771,-0.7500812658000078
53,sensor_12,195,-0.008029956788424662,522.0145000000001,520.116,0.6197983362335351,-0.7734562264414475
55,sensor_12,193,-0.0054204169114890005,521.6800000000001,520.284,0.41853203436431663,-0.6097982600295456
56,sensor_12,275,-0.004347150976603797,521.351,519.814,0.5148393611057641,-0.705694285979324
57,sensor_12,137,-0.01633636380607722,522.0260000000001,519.3100000000001,0.6926992632871648,-0.8369985676797199
58,sensor_12,147,-0.013567726238958966,521.9345000000001,519.8299999999999,0.6793442399381886,-0.8209239995431818
59,sensor_12,231,-0.010434977316536793,522.455,519.2239999999999,0.6931357950545176,-0.8497375004750396
60,sensor_12,172,-0.008343262040032757,521.6645000000001,519.97,0.5746824992003369,-0.748045190726457
61,sensor_12,185,-0.013089818429930603,522.4725,519.65,0.6767082329231547,-0.810427482062697
62,sensor_12,180,-0.008539059847527147,521.3539999999999,519.816,0.6510931789113361,-0.7878351078128455
63,sensor_12,174,-0.006736148523589813,521.6625,520.086,0.4827448852298353,-0.6569299948484324
64,sensor_12,283,-0.006098953695104877,521.8770000000001,519.712,0.6647982750357464,-0.8263273080349718
65,sensor_12,153,-0.014622987951159645,522.439,519.874,0.6968002117202504,-0.8380628007159227
66,sensor_12,202,-0.006988857109370219,521.1490000000001,519.5260000000001,0.580504527815028,-0.7539659379642109
67,sensor_12,313,-0.005870066981511962,521.87,519.948,0.6641369462181039,-0.8131386322039023
68,sensor_12,199,-0.006657073245011273,521.71,520.162,0.5412131306472645,-0.7276762190237667
69,sensor_12,362,-0.005789874632269569,522.0525,519.692,0.6969570610548796,-0.832523869551971
70,sensor_12,137,-0.012502286855713588,521.6415000000001,519.592,0.5728121722411952,-0.7448501203841977
72,sensor_12,213,-0.01002004266828403,521.9585000000001,519.718,0.7154434829521203,-0.8539047200858902
73,sensor_12,213,-0.006906611596932363,521.1360000000001,519.686,0.5923797780169382,-0.7700643447398036
75,sensor_12,229,-0.007622945249967814,521.5015,519.4200000000001,0.6625380839528663,-0.8141129440694325
76,sensor_12,210,-0.0076847677142024,521.51,519.66,0.6617985643557575,-0.808018758518631
79,sensor_12,199,-0.011228292980049612,522.4575,520.002,0.7015341661881512,-0.8399656000375252
80,sensor_12,185,-0.00569870361244924,521.4454999999999,519.9780000000001,0.43143016995593697,-0.6362559857887398
82,sensor_12,214,-0.007808008669271817,522.4269999999999,520.3979999999999,0.6165584376820508,-0.7859426847653053
83,sensor_12,293,-0.008391186200040167,522.5174999999998,519.506,0.6955574380033084,-0.8393058165222982
85,sensor_12,188,-0.009803840298206325,521.7079999999999,519.572,0.6552444569641027,-0.7991036363679097
86,sensor_12,278,-0.00694412863792944,521.7795,519.538,0.6934700481612777,-0.8406998341128339
87,sensor_12,178,-0.011021268627735942,521.8695,519.8219999999999,0.7394019415728247,-0.8659433503614278
88,sensor_12,213,-0.007679968011208386,521.987,520.05,0.5980107834388053,-0.7582285974586837
89,sensor_12,217,-0.00969218140052936,522.1795,519.672,0.6526125175506856,-0.7997534857602678
90,sensor_12,154,-0.014735224294997335,522.2570000000002,519.73,0.6998656639027252,-0.8357650601982313
92,sensor_12,341,-0.005167769778076741,522.059,519.818,0.6733654667074195,-0.8256349925934028
93,sensor_12,155,-0.014056072959298725,522.2169999999999,519.576,0.6928578382272965,-0.8413268028973394
94,sensor_12,258,-0.004003362437893106,521.2655,519.858,0.4428190380297531,-0.639433212718971
95,sensor_12,283,-0.007474308296209175,522.5244999999999,520.0179999999999,0.6860555863990274,-0.8257839444473203
96,sensor_12,336,-0.005953134391627851,522.1034999999999,519.446,0.6685361000656839,-0.8194198006660497
97,sensor_12,202,-0.006065315523537378,522.0565,520.098,0.4406317718262104,-0.6417160075337269
98,sensor_12,156,-0.0147168054875088,522.3245000000002,519.824,0.7365311209023395,-0.85683442264217
99,sensor_12,185,-0.011780580720973684,522.1265000000001,519.6880000000001,0.6846234069920414,-0.8346664379514528
100,sensor_12,200,-0.009470426760667117,521.876,519.6299999999999,0.6791345952809281,-0.837082316800827
2,sensor_13,287,0.0006176242456709191,2387.9890000000005,2388.2119999999995,0.6442726188674921,0.7975878655930407
3,sensor_13,179,0.0003754943192613,2388.029,2388.148,0.22282482497462808,0.40397718191922816
4,sensor_13,189,0.00022311096890446062,2388.066,2388.1459999999997,0.12287065980455192,0.33743903520034263
6,sensor_13,188,0.000871236953838195,2388.1230000000005,2388.322,0.6018405379385537,0.7671699582450684
7,sensor_13,259,0.0007738239133661896,2388.013,2388.2259999999997,0.6806479310714051,0.8296711651244701
8,sensor_13,150,0.0008737454998009225,2388.1325,2388.266,0.5511864153659325,0.738614155013977
9,sensor_13,201,0.0005474656420857709,2387.9919999999997,2388.264,0.22783114936902626,0.5054530475021722
10,sensor_13,222,0.0007035373745983104,2388.009,2388.21,0.6278341606260163,0.7957437103685189
12,sensor_13,170,0.0008809912005965163,2388.1155,2388.282,0.5946004999423664,0.7599933270569166
14,sensor_13,180,0.0003705978579429676,2388.091,2388.1979999999994,0.2582520253333208,0.49146348945133916
15,sensor_13,207,0.0011885492093428164,2388.0000000000005,2388.302,0.6917985839340275,0.8335436202471719
16,sensor_13,209,0.0006904674273171555,2388.0995000000003,2388.2580000000003,0.6081475611768276,0.7872541233041773
17,sensor_13,276,0.0004382671480152325,2387.9975000000004,2388.138,0.5394507828219506,0.7294501739052602
18,sensor_13,195,0.00047073103626911987,2388.0075,2388.1939999999995,0.27615448906775186,0.4892314934845501
20,sensor_13,234,0.0005836909871194456,2388.0860000000002,2388.246,0.538307400169389,0.715582870361038
21,sensor_13,195,0.0001951965560132043,2388.0865,2388.172,0.1056127679254314,0.27979017527347555
22,sensor_13,202,0.0006180165843913655,2388.147,2388.286,0.5356877798739246,0.7130600763308125
24,sensor_13,147,0.0015588330852434678,2388.0225000000005,2388.2780000000002,0.7238350200077381,0.848859981902962
25,sensor_13,230,0.00020082404780160225,2388.1085,2388.198,0.1403753442734339,0.3377578690576661
26,sensor_13,199,0.00011381148166279839,2388.1164999999996,2388.1620000000003,0.03892895516787398,0.16695348077243985
27,sensor_13,156,0.0006114807731806848,2388.0685000000003,2388.204,0.38253970662578285,0.5992074766501704
28,sensor_13,165,0.0012359148345074031,2387.9885,2388.218,0.6839596547506472,0.8269589300525041
29,sensor_13,163,0.00124669559578452,2388.0539999999996,2388.286,0.72745729572564,0.8716093850161182
30,sensor_13,194,0.0012849905289381157,2387.981,2388.2839999999997,0.6994662843020596,0.8397700373267801
33,sensor_13,200,0.0011782719568105456,2387.9905000000003,2388.296,0.7133288687962557,0.8648033594138478
35,sensor_13,181,0.0007891243195149447,2388.0565,2388.228,0.6370813363961394,0.7971058294555702
36,sensor_13,158,0.0011303108347104334,2388.084,2388.278,0.6892831715075194,0.836714437899819
37,sensor_13,170,0.001073185923399994,2388.0999999999995,2388.326,0.6328727230950755,0.7895209157027631
38,sensor_13,194,0.00021716459919474243,2388.1130000000003,2388.184,0.12189126816127871,0.3513056803929454
39,sensor_13,128,0.0013279676341243758,2388.1070000000004,2388.304,0.6584503137969865,0.816631506894326
41,sensor_13,216,0.0005245478036117675,2388.0275,2388.17,0.4752541196447254,0.6784426735546106
42,sensor_13,196,0.0010105826008558107,2388.0265000000004,2388.25,0.6960059396306567,0.8460929685348411
43,sensor_13,207,0.0011891715643334523,2388.0200000000004,2388.304,0.7280823410206723,0.8539041664642562
44,sensor_13,192,0.0009025733798126727,2388.023,2388.218,0.6070348647883651,0.7596224176106521
47,sensor_13,214,0.0007913221559324161,2387.9965,2388.218,0.6344255383289534,0.793618124653084
48,sensor_13,231,0.0003894448879405529,2388.0065,2388.22,0.21946912878863645,0.46658910064257236
49,sensor_13,215,0.0005905117245004082,2388.1189999999997,2388.29,0.5495275424631625,0.7303914760156509
50,sensor_13,198,0.0006385874921415412,2388.05,2388.204,0.5315336026031784,0.7181253868147165
51,sensor_13,213,0.0004110112978975261,2388.005,2388.3020000000006,0.15680603021677875,0.4067095509593863
52,sensor_13,213,0.00039886648404023194,2388.098,2388.21,0.3862507087791526,0.6086446504033469
53,sensor_13,195,0.0004113839032844447,2388.058,2388.1639999999998,0.32744351544250605,0.5670840325343575
55,sensor_13,193,7.514956466192366e-05,2388.0895000000005,2388.15,0.017018187955900266,0.10127107395753328
56,sensor_13,275,0.00013065404921351243,2388.12,2388.174,0.09892075493118457,0.28427152731553074
57,sensor_13,137,0.0014831892769742623,2388.0705,2388.294,0.6853279405210744,0.831885903091929
58,sensor_13,147,0.0014836908476769384,2388.0445,2388.2740000000003,0.6753593115771761,0.8164810189866804
59,sensor_13,231,0.0009182421776086531,2387.9934999999996,2388.232,0.6678862852795375,0.808124718409754
60,sensor_13,172,0.0004426292913333736,2388.0765,2388.2039999999997,0.28404886082537883,0.48558998541862947
61,sensor_13,185,0.0014424206815502123,2387.9874999999997,2388.292,0.6981066773209609,0.8501696999095208
62,sensor_13,180,0.0009473852073575761,2388.1124999999997,2388.292,0.6218365543731056,0.7877648659860655
63,sensor_13,174,0.0002757026111232427,2388.0760000000005,2388.14,0.14931187746081698,0.37386586422398
64,sensor_13,283,0.00039786270438292527,2388.064,2388.22,0.4758947085503843,0.6786247902912083
65,sensor_13,153,0.0017073767306010738,2388.0060000000003,2388.314,0.6745277695914693,0.8132706601368351
66,sensor_13,202,0.0005669719975428559,2388.116,2388.2380000000003,0.5600078371746802,0.728833878513084
67,sensor_13,313,0.0005002911559052601,2388.0544999999997,2388.236,0.6216510254830563,0.7846736593760735
68,sensor_13,199,0.0003841480127952719,2388.0724999999998,2388.15,0.31531875111478913,0.5285643243485696
69,sensor_13,362,0.0005482503044150839,2388.0464999999995,2388.288,0.7190050894484172,0.8548568976167457
70,sensor_13,137,0.0009690201056552758,2388.067,2388.222,0.5540673969077788,0.7222903615748966
72,sensor_13,213,0.000973894859187133,2388.0750000000003,2388.3100000000004,0.6779381672054965,0.8122167849339841
73,sensor_13,213,0.0007729962919733421,2388.13,2388.338,0.6417736049977905,0.7947124572585605
75,sensor_13,229,0.0008057218230667629,2388.1025,2388.296,0.6839070907954938,0.819681753915578
76,sensor_13,210,0.0006965042939051165,2388.102,2388.27,0.5969541576301722,0.7684313509823961
79,sensor_13,199,0.0009118927973223791,2388.001,2388.1980000000003,0.6599388985381918,0.8005583165178796
80,sensor_13,185,0.00018327584245900647,2388.0990000000006,2388.1760000000004,0.07427649820445514,0.25762761793388395
82,sensor_13,214,0.0004845486743504469,2387.9915000000005,2388.1420000000003,0.41710096467629454,0.612323619973629
83,sensor_13,293,0.0008308676689634476,2387.9945,2388.288,0.709385840129059,0.8635602417803846
85,sensor_13,188,0.0008735305856735187,2388.079,2388.2760000000003,0.6602914716063009,0.8058468718412858
86,sensor_13,278,0.0005312223960233073,2388.0665,2388.2259999999997,0.5796124550708008,0.7495824888321162
87,sensor_13,178,0.0012093466634217856,2388.049,2388.286,0.7474251589320009,0.8711588367013643
88,sensor_13,213,0.0005592450843246271,2388.021,2388.164,0.521695605259943,0.7175463822944601
89,sensor_13,217,0.0007346378424985935,2388.048,2388.2200000000003,0.5891193151062656,0.7401014804174194
90,sensor_13,154,0.001656735421445372,2388.0125000000003,2388.334,0.738801489389018,0.8871380292659865
92,sensor_13,341,0.0002936697444783263,2388.0469999999996,2388.172,0.4200321837642369,0.627155966037737
93,sensor_13,155,0.0013412716315942014,2388.0160000000005,2388.246,0.6815420650598223,0.833540841371844
94,sensor_13,258,5.4992490068776905e-05,2388.1330000000003,2388.178,0.01656323446824781,0.09659664006346788
95,sensor_13,283,0.0006127994188715938,2387.9735000000005,2388.1980000000003,0.6287967601301613,0.7780316391671984
96,sensor_13,336,0.00047882514093407685,2388.0609999999997,2388.2419999999997,0.5866139059302458,0.7501255756251997
97,sensor_13,202,0.00010893928155045207,2388.053999999999,2388.132,0.03093253615597713,0.14262867058219614
98,sensor_13,156,0.0013867648685745829,2387.9995,2388.252,0.7125645531687574,0.861931233322026
99,sensor_13,185,0.0010466055115408153,2388.0505,2388.2879999999996,0.6296360893716435,0.7839822834758398
100,sensor_13,200,0.0008354458861564482,2388.068,2388.2419999999997,0.6222090100177609,0.7639613463642807
2,sensor_14,287,0.08300021117094492,8137.393000000001,8170.410000000001,0.6293768613955013,0.7877477979627354
3,sensor_14,179,0.4753255706902989,8138.6465,8249.944,0.699937777827131,0.9269500381595006
4,sensor_14,189,0.468047156899325,8131.219999999999,8250.564,0.6959358755990174,0.9517925592287299
6,sensor_14,188,-0.060631398916756236,8122.403,8108.312,0.4624932559647872,-0.6500401388237399
7,sensor_14,259,-0.001720211906256279,8149.303499999999,8146.329999999999,0.0014510243940806244,-0.026088180266932215
8,sensor_14,150,-0.012047450997842669,8122.358000000002,8121.624000000001,0.024864520475624485,-0.18058982912426333
9,sensor_14,201,0.474710388650806,8146.152499999999,8276.094000000001,0.6971611775516845,0.949164176638331
10,sensor_14,222,0.1494493359093738,8138.4175000000005,8179.698000000001,0.6900040229693523,0.855188415910065
12,sensor_14,170,-0.007261887751029087,8128.103999999999,8124.93,0.011415259442351888,-0.094689385182318
14,sensor_14,180,0.23470233649183322,8139.869000000001,8193.15,0.701804787881139,0.8858562070565166
15,sensor_14,207,-0.08046867389680389,8141.098000000001,8121.910000000001,0.5856584462255042,-0.7441836395319357
16,sensor_14,209,-0.017018981018982648,8138.160500000001,8133.372,0.09223880354174097,-0.31284275116238297
17,sensor_14,276,0.24614109958476418,8143.44,8232.162,0.71842049580547,0.9256354836935047
18,sensor_14,195,0.4835539821003862,8142.323499999999,8270.83,0.6818684197003799,0.933908894713681
20,sensor_14,234,0.035030253647352905,8136.110000000001,8143.4619999999995,0.3528484012773858,0.5935300059636912
21,sensor_14,195,0.38102660667756866,8127.7530000000015,8222.240000000002,0.730769539935326,0.9350170762809444
22,sensor_14,202,0.00221798630124599,8127.384500000002,8125.611999999999,0.001450653529961321,0.08360541053486054
24,sensor_14,147,-0.12813409999321618,8143.673500000002,8120.8240000000005,0.5811769233102453,-0.7544867763306708
25,sensor_14,230,0.2736889379843879,8128.3155,8208.754,0.7064447946404213,0.9044013433371183
26,sensor_14,199,0.35353744479977345,8127.565,8217.14,0.7325607160853241,0.939918082745492
27,sensor_14,156,0.29630992081678614,8142.814000000001,8203.052,0.6810988414261229,0.8696925514622403
28,sensor_14,165,0.06806806828203467,8144.298999999999,8158.278,0.45138158353153934,0.6577564892920973
29,sensor_14,163,-0.0823280739964879,8141.4425,8125.216,0.5323233364273149,-0.718988306373267
30,sensor_14,194,-0.08613181412895135,8143.919,8122.836,0.5402558474737296,-0.701730107222282
33,sensor_14,200,-0.06421002025048682,8144.5779999999995,8127.936,0.4470229319223692,-0.6312701755677567
35,sensor_14,181,0.13582640195900314,8137.809000000001,8166.2699999999995,0.6827143447033361,0.8245017113481125
36,sensor_14,158,-0.044611498435452306,8138.8535,8127.123999999999,0.2392643192444911,-0.4701227341093993
37,sensor_14,170,-0.05645774024336809,8127.125,8116.512,0.45367939631754395,-0.6647956336226774
38,sensor_14,194,0.35421844658200846,8127.657000000001,8220.716,0.7106480302994667,0.9277244919217343
39,sensor_14,128,-0.11304706097780973,8126.062999999999,8108.822,0.538563708206037,-0.7001074381236537
41,sensor_14,216,0.24569314947782986,8146.244499999999,8214.057999999999,0.7060427514576588,0.9096865134247705
42,sensor_14,196,-0.01061659587692954,8142.146000000001,8138.236,0.035355703857090526,-0.20261067851459003
43,sensor_14,207,-0.08458069508935721,8137.221999999999,8114.4,0.5954739955302346,-0.7529243282175235
44,sensor_14,192,0.026426421818637903,8148.156000000001,8154.2919999999995,0.17394901011961494,0.40351438634904785
47,sensor_14,214,0.11258663303447321,8146.468499999998,8174.397999999999,0.7048234485652678,0.8526262879222996
48,sensor_14,231,0.414437459841488,8146.037999999999,8276.24,0.697831086762758,0.9499965195932746
49,sensor_14,215,0.04342857832836441,8125.879500000001,8136.892,0.4098534113223744,0.6375607358896644
50,sensor_14,198,0.20500706887770415,8143.254500000001,8196.807999999999,0.6886394112251446,0.8665344612229487
51,sensor_14,213,0.4602665277505069,8146.7865,8281.152,0.7011552630394164,0.9411705172399975
52,sensor_14,213,0.18511495351937718,8128.445,8178.616,0.7180218754923577,0.8893847138249728
53,sensor_14,195,0.3510071857450347,8140.67,8230.016,0.7239861396510019,0.9360370552004607
55,sensor_14,193,0.45858718150742184,8133.210500000001,8250.155999999999,0.6921410472535448,0.9164515420950441
56,sensor_14,275,0.22626553186577608,8133.030999999998,8212.186,0.7309249650426222,0.9325057334171745
57,sensor_14,137,-0.1460189108966449,8131.3915,8109.022,0.6134236969129934,-0.7650350499245844
58,sensor_14,147,-0.14710844056244338,8144.914,8120.209999999999,0.6997412328154589,-0.8427660006701092
59,sensor_14,231,0.0038144434276335196,8139.5485,8140.353999999999,0.006506966963655381,0.06718279086332916
60,sensor_14,172,0.29603361138426343,8134.305999999999,8200.472,0.6890889641922522,0.8940121726960778
61,sensor_14,185,-0.14001465069558353,8143.894499999999,8112.76,0.666806924947251,-0.8206933608312633
62,sensor_14,180,-0.08163342489997633,8136.727000000001,8120.488,0.5688767316583693,-0.7507969684198171
63,sensor_14,174,0.4348770067484811,8136.867,8234.734,0.7058196788161368,0.9314748795667982
64,sensor_14,283,0.11219174455802022,8137.329,8177.084,0.7477252324091319,0.896817464470273
65,sensor_14,153,-0.17857886695347497,8144.149,8112.914,0.6968986124492547,-0.8421600195724284
66,sensor_14,202,0.05484172319886719,8137.786,8147.268000000001,0.46371335241164124,0.6769445799487612
67,sensor_14,313,0.008314586910813375,8144.2080000000005,8147.889999999999,0.05552139231485309,0.24146751702380756
68,sensor_14,199,0.312415928125465,8141.919,8222.904,0.7147969625697228,0.9209686488461747
69,sensor_14,362,-0.021986052572754773,8139.622,8128.932000000001,0.31612607366562306,-0.5506438337172144
70,sensor_14,137,0.16790990721895482,8139.6050000000005,8169.384,0.6171010184558638,0.8001717477320627
72,sensor_14,213,-0.091740644892135,8128.3735,8103.466,0.6074479869112032,-0.7486330824523965
73,sensor_14,213,-0.031993823281796424,8121.7015,8115.186,0.2446107838091338,-0.4887287371626385
75,sensor_14,229,-0.06245907487534689,8125.181999999999,8108.322,0.5305131266521588,-0.7084827872593924
76,sensor_14,210,-0.006642476505778271,8132.025499999999,8130.068000000001,0.016333548363175576,-0.11789181108138592
79,sensor_14,199,0.11199594944420053,8139.730500000001,8165.366,0.6782195263663804,0.8285382320380068
80,sensor_14,185,0.3820347788180786,8133.474499999998,8223.276000000002,0.7287539176781515,0.9329411943104478
82,sensor_14,214,0.3878664221801092,8143.2964999999995,8258.082,0.6856186548465701,0.9324808530212246
83,sensor_14,293,-0.05029794067328664,8141.008500000001,8119.608,0.5063098495067662,-0.6951109450928351
85,sensor_14,188,0.0011375691475905918,8130.687,8128.089999999999,0.0003478083738021054,0.02261044591973857
86,sensor_14,278,0.03775255328520017,8140.514499999999,8153.2880000000005,0.4472952806088841,0.669039064417099
87,sensor_14,178,-0.09724526001431714,8143.918500000002,8123.752,0.5972032128179214,-0.7518207598938617
88,sensor_14,213,0.23406055270076442,8146.639999999999,8210.536,0.7017637171512324,0.8806108184097083
89,sensor_14,217,0.07664487004229216,8131.612000000001,8154.181999999999,0.5666726270631768,0.7239767963706683
90,sensor_14,154,-0.1459904219752426,8138.046000000002,8109.692,0.6482925108800659,-0.815680070186735
92,sensor_14,341,0.14477640582392776,8137.110000000001,8199.810000000001,0.7166612167756297,0.90369065778452
93,sensor_14,155,-0.017075666269223983,8142.603,8139.024,0.049363103135826036,-0.19765153254781767
94,sensor_14,258,0.26653681824072806,8126.689500000002,8213.168,0.7364720348917924,0.9359443044699672
95,sensor_14,283,0.0936181172441756,8151.392,8186.2339999999995,0.641909610580205,0.8055259171348302
96,sensor_14,336,0.026434858876447375,8134.170499999998,8143.295999999999,0.37741984692173114,0.6023510527527222
97,sensor_14,202,0.4848289183745282,8130.344,8261.289999999997,0.699878869071861,0.9499985076799089
98,sensor_14,156,-0.09060854103778554,8149.535000000001,8130.138000000001,0.48804340055624407,-0.6784598898735983
99,sensor_14,185,-0.027389067889766094,8136.366,8126.926000000001,0.12406339920461806,-0.31412952678842043
100,sensor_14,200,-0.0032086402159669145,8142.777499999999,8138.354000000001,0.0032739953617243467,-0.06492835365692896
2,sensor_15,287,0.00039909841175084877,8.38981,8.52058,0.648613418981673,0.8065395835486565
3,sensor_15,179,0.0005321164187224307,8.409915000000002,8.520080000000002,0.5669182482289032,0.7289512833693503
4,sensor_15,189,0.0004219884818428844,8.419075000000001,8.522359999999999,0.5221348326418835,0.7011246780425676
6,sensor_15,188,0.0003718368198343383,8.44201,8.51626,0.44512459602088805,0.6673270724752172
7,sensor_15,259,0.0003874178932318449,8.407460000000002,8.520059999999999,0.5765922977177371,0.7445503194502948
8,sensor_15,150,0.00046131134717096407,8.446995000000001,8.50976,0.4173074673437128,0.6407850360447275
9,sensor_15,201,0.0004157947391754054,8.39853,8.51414,0.4808707274661026,0.6756239337176541
10,sensor_15,222,0.00045321324002413354,8.392534999999999,8.51674,0.5757363893702333,0.7461790370685616
12,sensor_15,170,0.00044488333608130247,8.42679,8.51916,0.5210886085017089,0.7065741160298096
14,sensor_15,180,0.00040586386411103654,8.432649999999999,8.51872,0.5401498575862833,0.7379900263884555
15,sensor_15,207,0.0005354897933781561,8.391725,8.510200000000001,0.6502758752557425,0.8032259733918765
16,sensor_15,209,0.00029834573321414477,8.450785,8.532480000000001,0.39036838474112134,0.5955682885171361
17,sensor_15,276,0.00031521647807536776,8.393794999999999,8.534139999999999,0.5084594754932825,0.7056633276191283
18,sensor_15,195,0.0004992561782841694,8.400275,8.5196,0.5492233882713898,0.7332037248091271
20,sensor_15,234,0.00026381704984205736,8.438065,8.50816,0.4129556769416858,0.6126001966100804
21,sensor_15,195,0.00034812134846009396,8.431230000000001,8.50364,0.39204536454805194,0.5988582840901463
22,sensor_15,202,0.00033476236823008635,8.441799999999999,8.51258,0.47224624794199654,0.6791484083537064
24,sensor_15,147,0.0006508651368729516,8.414445,8.530240000000001,0.5496690909500176,0.7403323057605472
25,sensor_15,230,0.00033299228965453674,8.429305000000001,8.519319999999999,0.4619524078911722,0.6483371112859718
26,sensor_15,199,0.000340809958885383,8.43745,8.51306,0.3854067022143307,0.6027955889894975
27,sensor_15,156,0.0004882309430860892,8.428254999999998,8.51088,0.4824902748527601,0.6690996048093582
28,sensor_15,165,0.0007051003125584474,8.39103,8.52182,0.6600682034202692,0.8071934143470934
29,sensor_15,163,0.0005304110484867419,8.427544999999999,8.52894,0.5514237428898658,0.7443736374640534
30,sensor_15,194,0.0005342392130597576,8.39768,8.52138,0.5645955327360697,0.7325138728379702
33,sensor_15,200,0.0005983045076127216,8.388755,8.5231,0.6610109936167023,0.8240216036945609
35,sensor_15,181,0.0005030162103090471,8.414420000000002,8.516079999999999,0.590336648955547,0.7592860554412486
36,sensor_15,158,0.000512425021943844,8.43258,8.522580000000001,0.5278993041749099,0.7196729292528178
37,sensor_15,170,0.0005035428459767799,8.418669999999997,8.525400000000001,0.5738674038430459,0.7540260038497024
38,sensor_15,194,0.0003449508367813633,8.43947,8.53888,0.3823489217618391,0.602333142829809
39,sensor_15,128,0.0006383586453946337,8.44056,8.52426,0.551963537838335,0.7229252116839743
41,sensor_15,216,0.0004655035782755051,8.4039,8.530579999999997,0.6034574202624484,0.7701984614038775
42,sensor_15,196,0.0005030430555666109,8.41284,8.53206,0.599988200978804,0.7774404286776168
43,sensor_15,207,0.0004945598056088154,8.405934999999996,8.511059999999999,0.5862160496879913,0.7398969724438652
44,sensor_15,192,0.0005035826913165203,8.404570000000001,8.51784,0.5622813210926458,0.7403992918035963
47,sensor_15,214,0.0005036715839483558,8.39507,8.51352,0.6143184474049099,0.7748280673650025
48,sensor_15,231,0.0003464786113436813,8.408439999999999,8.4986,0.47945987819228186,0.6735616361120934
49,sensor_15,215,0.00042133413026153386,8.422170000000001,8.520679999999999,0.570227717238887,0.7438822543338571
50,sensor_15,198,0.00043580446456247847,8.419979999999999,8.51344,0.5401746342291316,0.7236436339435407
51,sensor_15,213,0.00040981978983756044,8.402334999999999,8.521600000000001,0.5395613316196411,0.7114263645685932
52,sensor_15,213,0.000390142335231618,8.42911,8.52058,0.5237714247487245,0.6959948862448978
53,sensor_15,195,0.0003949513667481449,8.423385,8.524840000000001,0.424688223313636,0.628006020558364
55,sensor_15,193,0.00033962311708776645,8.42971,8.527719999999999,0.38600728769612813,0.5818932527912627
56,sensor_15,275,0.00027304734427740916,8.439255,8.523679999999999,0.47982034185122135,0.6717309837926412
57,sensor_15,137,0.0007248338529318108,8.416714999999998,8.5234,0.6087366840439903,0.7634125567360676
58,sensor_15,147,0.0005805914665014016,8.41299,8.514619999999999,0.5597836193477229,0.746519326676474
59,sensor_15,231,0.00045209398547477674,8.40288,8.52186,0.6016386844999305,0.7600559105943484
60,sensor_15,172,0.0004757692389327561,8.420644999999999,8.525480000000002,0.5165400221481344,0.7072649875182915
61,sensor_15,185,0.0005764836435313296,8.391715000000001,8.52168,0.5821400806858563,0.7442073137747285
62,sensor_15,180,0.0003832387830899843,8.4511,8.533960000000002,0.41140263812706157,0.6096132012981431
63,sensor_15,174,0.0004314832426891565,8.427365,8.510259999999999,0.4625418261124863,0.6848313067957347
64,sensor_15,283,0.0003041574233007764,8.423685000000003,8.537139999999999,0.5575181889972779,0.7322711151471832
65,sensor_15,153,0.0006363555948695622,8.404049999999998,8.52132,0.5514215765717811,0.7107534105684282
66,sensor_15,202,0.0003509725915610354,8.448235,8.524280000000001,0.4929849709939417,0.6926334571199223
67,sensor_15,313,0.00028597231201268794,8.429725,8.53048,0.5329108495634698,0.7164459263257801
68,sensor_15,199,0.00036189203593727746,8.433470000000002,8.518440000000002,0.46788627482123046,0.6522880719047506
69,sensor_15,362,0.0002647854023539208,8.414079999999998,8.52062,0.5744105750696327,0.743576947778541
70,sensor_15,137,0.0006166823790766495,8.427615,8.52542,0.4967283075106419,0.6527617670347902
72,sensor_15,213,0.0004141480872538715,8.415735000000002,8.53064,0.5106135250584195,0.680758707649492
73,sensor_15,213,0.00035452301181446627,8.443015,8.52312,0.5091258966619716,0.7013913854597443
75,sensor_15,229,0.00031019545731617075,8.4378,8.5112,0.44957146436611795,0.6539804801003148
76,sensor_15,210,0.0003338663980070751,8.437520000000001,8.5242,0.47129894368410963,0.6708533858109792
79,sensor_15,199,0.0005296573777980957,8.394369999999999,8.517059999999997,0.6020176199787581,0.760651701117932
80,sensor_15,185,0.00034070562146999413,8.43816,8.520520000000001,0.3911589643300245,0.6015300944482078
82,sensor_15,214,0.000496736043297381,8.392634999999999,8.52972,0.6044840561704047,0.7674097321156123
83,sensor_15,293,0.00035226961980266817,8.39156,8.51528,0.5735065096227886,0.7420535057100155
85,sensor_15,188,0.00044590740229039766,8.41716,8.52144,0.5550763123148073,0.746918800500716
86,sensor_15,278,0.0003184710366096423,8.42405,8.50862,0.5792492392113581,0.7570903484238961
87,sensor_15,178,0.00046454913083860875,8.43642,8.5264,0.4965372395259783,0.6863598111153677
88,sensor_15,213,0.00041849588094604063,8.412695000000001,8.514840000000001,0.5633755320581288,0.7376814050998077
89,sensor_15,217,0.0004697725681966319,8.404475000000001,8.518640000000001,0.6148730793608834,0.7814075707515596
90,sensor_15,154,0.0006345357615186626,8.404735,8.52098,0.5586711735796336,0.736495799950516
92,sensor_15,341,0.0002674412657484609,8.412495000000002,8.514700000000001,0.5641702053650485,0.7337347928211719
93,sensor_15,155,0.0005999883986980783,8.412970000000001,8.51164,0.4933045943476043,0.6909061026983578
94,sensor_15,258,0.00025802989928409365,8.43704,8.523839999999998,0.4158243166146458,0.6212884851784484
95,sensor_15,283,0.00037790301692871284,8.39989,8.527840000000001,0.6156955630877541,0.7766958215600472
96,sensor_15,336,0.00027180015564397903,8.414345,8.52138,0.5387652351960146,0.7202495375402619
97,sensor_15,202,0.00038616118063537633,8.413325,8.52612,0.4397167437512005,0.6468050845703276
98,sensor_15,156,0.0006337532202746807,8.406345,8.51092,0.64077335147757,0.7940291383518406
99,sensor_15,185,0.0005361100792236444,8.404255000000001,8.528,0.5752776412640197,0.7326153849467779
100,sensor_15,200,0.000448980499512516,8.418769999999999,8.52332,0.5468321566473628,0.7216557863259633
2,sensor_16,287,3.641057877442508e-20,0.030000000000000006,0.03,,
3,sensor_16,179,8.830590870731047e-20,0.030000000000000006,0.03,,
4,sensor_16,189,-6.52209864081912e-20,0.030000000000000006,0.03,,
6,sensor_16,188,1.525803312079053e-19,0.030000000000000006,0.03,,
7,sensor_16,259,4.7323821014468807e-20,0.030000000000000006,0.03,,
8,sensor_16,150,3.3403181716023265e-20,0.030000000000000006,0.03,,
9,sensor_16,201,-7.42122070603157e-21,0.030000000000000006,0.03,,
10,sensor_16,222,2.2124798141624303e-20,0.030000000000000006,0.03,,
12,sensor_16,170,-1.123884016270413e-20,0.030000000000000006,0.03,,
14,sensor_16,180,-8.647573483447459e-20,0.030000000000000006,0.03,,
15,sensor_16,207,1.9422631965349075e-20,0.030000000000000006,0.03,,
16,sensor_16,209,3.845418342331614e-22,0.030000000000000006,0.03,,
17,sensor_16,276,1.1149296803030527e-20,0.030000000000000006,0.03,,
18,sensor_16,195,-6.639428288104645e-20,0.030000000000000006,0.03,,
20,sensor_16,234,1.9898236203137442e-20,0.030000000000000006,0.03,,
21,sensor_16,195,-6.639428288104645e-20,0.030000000000000006,0.03,,
22,sensor_16,202,-6.6678938709307204e-21,0.030000000000000006,0.03,,
24,sensor_16,147,-1.092123289391137e-19,0.030000000000000006,0.03,,
25,sensor_16,230,7.56867957570149e-20,0.030000000000000006,0.03,,
26,sensor_16,199,6.679237445059634e-20,0.030000000000000006,0.03,,
27,sensor_16,156,-4.926676015949325e-20,0.030000000000000006,0.03,,
28,sensor_16,165,3.475336103063973e-20,0.030000000000000006,0.03,,
29,sensor_16,163,8.064975760205987e-20,0.030000000000000006,0.03,,
30,sensor_16,194,-1.6233405306006288e-19,0.030000000000000006,0.03,,
33,sensor_16,200,1.7179784800280587e-19,0.030000000000000006,0.03,,
35,sensor_16,181,1.3151622368203425e-19,0.030000000000000006,0.03,,
36,sensor_16,158,-1.257844081415118e-19,0.030000000000000006,0.03,,
37,sensor_16,170,-1.123884016270413e-20,0.030000000000000006,0.03,,
38,sensor_16,194,-1.6233405306006288e-19,0.030000000000000006,0.03,,
39,sensor_16,128,1.7650049952125085e-19,0.030000000000000006,0.03,,
41,sensor_16,216,2.0858431480894278e-20,0.030000000000000006,0.03,,
42,sensor_16,196,-8.97126314425686e-21,0.030000000000000006,0.03,,
43,sensor_16,207,1.9422631965349075e-20,0.030000000000000006,0.03,,
44,sensor_16,192,1.0179084681190894e-19,0.030000000000000006,0.03,,
47,sensor_16,214,3.521258720625913e-21,0.030000000000000006,0.03,,
48,sensor_16,231,-3.7078457088259796e-20,0.030000000000000006,0.03,,
49,sensor_16,215,-1.2968502103451173e-20,0.030000000000000006,0.03,,
50,sensor_16,198,5.171410439578561e-20,0.030000000000000006,0.03,,
51,sensor_16,213,-5.099413823323864e-20,0.030000000000000006,0.03,,
52,sensor_16,213,-5.099413823323864e-20,0.030000000000000006,0.03,,
53,sensor_16,195,-6.639428288104645e-20,0.030000000000000006,0.03,,
55,sensor_16,193,3.972317935109972e-20,0.030000000000000006,0.03,,
56,sensor_16,275,-2.014240839536367e-20,0.030000000000000006,0.03,,
57,sensor_16,137,-1.3670773046571696e-19,0.030000000000000006,0.03,,
58,sensor_16,147,-1.092123289391137e-19,0.030000000000000006,0.03,,
59,sensor_16,231,-3.7078457088259796e-20,0.030000000000000006,0.03,,
60,sensor_16,172,-9.991351629457757e-20,0.030000000000000006,0.03,,
61,sensor_16,185,-5.700628871105818e-20,0.030000000000000006,0.03,,
62,sensor_16,180,-8.647573483447459e-20,0.030000000000000006,0.03,,
63,sensor_16,174,1.809307544828632e-20,0.030000000000000006,0.03,,
64,sensor_16,283,-1.0332004738411882e-19,0.030000000000000006,0.03,,
65,sensor_16,153,5.37013083241189e-20,0.030000000000000006,0.03,,
66,sensor_16,202,-6.6678938709307204e-21,0.030000000000000006,0.03,,
67,sensor_16,313,-4.202739525545143e-21,0.030000000000000006,0.03,,
68,sensor_16,199,6.679237445059634e-20,0.030000000000000006,0.03,,
69,sensor_16,362,-1.092926735842235e-20,0.030000000000000006,0.03,,
70,sensor_16,137,-1.3670773046571696e-19,0.030000000000000006,0.03,,
72,sensor_16,213,-5.099413823323864e-20,0.030000000000000006,0.03,,
73,sensor_16,213,-5.099413823323864e-20,0.030000000000000006,0.03,,
75,sensor_16,229,-2.4461797486296637e-20,0.030000000000000006,0.03,,
76,sensor_16,210,-2.773864514083212e-20,0.030000000000000006,0.03,,
79,sensor_16,199,6.679237445059634e-20,0.030000000000000006,0.03,,
80,sensor_16,185,-5.700628871105818e-20,0.030000000000000006,0.03,,
82,sensor_16,214,3.521258720625913e-21,0.030000000000000006,0.03,,
83,sensor_16,293,8.241403497726007e-21,0.030000000000000006,0.03,,
85,sensor_16,188,1.525803312079053e-19,0.030000000000000006,0.03,,
86,sensor_16,278,-3.200361686159187e-20,0.030000000000000006,0.03,,
87,sensor_16,178,4.3726772033566966e-20,0.030000000000000006,0.03,,
88,sensor_16,213,-5.099413823323864e-20,0.030000000000000006,0.03,,
89,sensor_16,217,-4.947416468810749e-20,0.030000000000000006,0.03,,
90,sensor_16,154,-1.1484601376779333e-19,0.030000000000000006,0.03,,
92,sensor_16,341,-3.603435670743277e-20,0.030000000000000006,0.03,,
93,sensor_16,155,7.203226354498514e-20,0.030000000000000006,0.03,,
94,sensor_16,258,2.6905394969821372e-20,0.030000000000000006,0.03,,
95,sensor_16,283,-1.0332004738411882e-19,0.030000000000000006,0.03,,
96,sensor_16,336,-3.1718646853606657e-20,0.030000000000000006,0.03,,
97,sensor_16,202,-6.6678938709307204e-21,0.030000000000000006,0.03,,
98,sensor_16,156,-4.926676015949325e-20,0.030000000000000006,0.03,,
99,sensor_16,185,-5.700628871105818e-20,0.030000000000000006,0.03,,
100,sensor_16,200,1.7179784800280587e-19,0.030000000000000006,0.03,,
2,sensor_17,287,0.014437797974383403,391.3,396.4,0.5291275476643991,0.7172458879505207
3,sensor_17,179,0.02122905027933083,391.4,397.2,0.4904317297173546,0.6914918217601925
4,sensor_17,189,0.019859933521746673,392.5,396.8,0.45941504763133467,0.6724862178543698
6,sensor_17,188,0.013061962373601873,393.3,396.2,0.29075979992813616,0.5135948649601011
7,sensor_17,259,0.01663547012384272,391.65,395.6,0.584073350394436,0.759474113213912
8,sensor_17,150,0.01608960398239817,392.95,395.4,0.3233307290103443,0.565663193072015
9,sensor_17,201,0.02107728683315989,391.4,397.0,0.5544353748405862,0.7356250093749007
10,sensor_17,222,0.01901483489455135,391.55,396.0,0.5428925015627437,0.7304613617914284
12,sensor_17,170,0.017852846526342975,392.9,395.8,0.40038079189902354,0.6124761210361543
14,sensor_17,180,0.01528956655040733,393.35,396.6,0.36452775210797106,0.5813259183894913
15,sensor_17,207,0.01900212141875355,391.3,396.2,0.5858570980568161,0.7596004210807437
16,sensor_17,209,0.01325385141174715,393.1,396.6,0.43984982694470887,0.6619443997609131
17,sensor_17,276,0.013902769652258222,391.65,396.8,0.4777528217729222,0.6577848807618168
18,sensor_17,195,0.019155513117221384,391.8,396.8,0.46777522255760684,0.6528621495650238
20,sensor_17,234,0.013359744690216098,392.5,396.6,0.4682360666890161,0.6936085753773252
21,sensor_17,195,0.015850717765297846,392.3,397.6,0.3937280689553274,0.6173571670960475
22,sensor_17,202,0.012937313141652208,393.35,396.6,0.34838746466179926,0.5725882847815189
24,sensor_17,147,0.021787093215664324,391.9,396.4,0.4248317804417723,0.6479122540651829
25,sensor_17,230,0.013915114693546992,392.55,397.0,0.40845164588008154,0.6113086682210566
26,sensor_17,199,0.014272879549262821,393.25,396.8,0.34917056165770666,0.5728468794158673
27,sensor_17,156,0.019408575808819974,392.9,396.6,0.39071690316776764,0.6005201516657016
28,sensor_17,165,0.026102636710925418,391.4,396.0,0.607294251398371,0.7805277743322232
29,sensor_17,163,0.019360899130463655,392.85,396.2,0.43531864808105425,0.6423601937672118
30,sensor_17,194,0.018340571879377238,391.85,395.4,0.5061252507493519,0.7004738642538005
33,sensor_17,200,0.018721968049201662,391.25,396.0,0.5024921147952376,0.7070645253857716
35,sensor_17,181,0.018618582154493794,392.45,396.4,0.4619552254918936,0.6547014406072099
36,sensor_17,158,0.018548464385516775,392.95,396.4,0.3941224422376074,0.6208684490870813
37,sensor_17,170,0.01906436819511486,392.2,395.8,0.48068480046531215,0.6882764247593496
38,sensor_17,194,0.01666659818467805,392.55,396.6,0.4991016081621774,0.6946813285009942
39,sensor_17,128,0.017273049807727193,392.8,395.8,0.27174370732163644,0.487665223146312
41,sensor_17,216,0.018785648793150523,391.6,397.4,0.5023722171484244,0.6986533698444505
42,sensor_17,196,0.017419056650382524,391.85,395.0,0.4908613585213196,0.7134891584392441
43,sensor_17,207,0.018360825188601437,391.45,396.4,0.5209281014537466,0.7145548104462098
44,sensor_17,192,0.02080338008301019,391.8,396.0,0.49922009264106115,0.6869142227152498
47,sensor_17,214,0.019537087773325523,391.1,396.0,0.5500543124335304,0.7330812560755415
48,sensor_17,231,0.01626005179228461,391.75,396.6,0.4668952542573046,0.6543485630567952
49,sensor_17,215,0.015319133521697937,392.65,396.2,0.4929928870080673,0.6999785527948967
50,sensor_17,198,0.01785423038898528,392.55,395.8,0.4939424160248954,0.6997099537880243
51,sensor_17,213,0.017495734413534345,391.45,396.8,0.44659124796657035,0.6501446035059545
52,sensor_17,213,0.01612975330381026,392.85,397.2,0.47490097571794077,0.688148514757642
53,sensor_17,195,0.018106782760684524,392.3,396.8,0.47447443640911646,0.6806552203472148
55,sensor_17,193,0.01607653170236553,392.6,396.6,0.3983733779571238,0.6108895348850982
56,sensor_17,275,0.009847378898472248,393.5,397.2,0.350285185827767,0.575648642868726
57,sensor_17,137,0.021249089924766068,392.55,395.2,0.40072419822718996,0.6235533403359301
58,sensor_17,147,0.025901215725090278,391.85,396.0,0.5435404582236596,0.7325139677780156
59,sensor_17,231,0.01963920637084002,390.95,395.8,0.591881976933949,0.764223064753703
60,sensor_17,172,0.01698846524834584,392.85,395.2,0.42366085823385624,0.6412355171027965
61,sensor_17,185,0.02301277434517252,390.95,395.8,0.5785051325969275,0.7503962100198632
62,sensor_17,180,0.013062131547269155,393.05,395.2,0.33955123285041056,0.5888404903674906
63,sensor_17,174,0.018786411913778937,392.45,397.2,0.43421957018250334,0.64390360301588
64,sensor_17,283,0.011035387575433897,393.05,396.2,0.43200065739815363,0.6423105808493168
65,sensor_17,153,0.0228612976291015,391.85,395.6,0.4264562195717082,0.6328424741644252
66,sensor_17,202,0.012656320407425673,393.5,395.8,0.3632849719980473,0.6036067745438595
67,sensor_17,313,0.010861210989412898,392.35,395.8,0.45848816057037955,0.6702776645471693
68,sensor_17,199,0.01552763819095655,393.05,396.4,0.4061554822243414,0.6292967861432629
69,sensor_17,362,0.00964425535660932,391.8,396.4,0.47879386480525765,0.680345806926129
70,sensor_17,137,0.021244422872289684,392.6,396.6,0.37770931603687763,0.5924332077268509
72,sensor_17,213,0.014973636564580646,392.55,395.4,0.4408253022144798,0.6556021329649082
73,sensor_17,213,0.011768548160767198,392.7,395.8,0.3601031239332362,0.595152295773464
75,sensor_17,229,0.01273570293685626,393.05,396.4,0.3748838779855467,0.5828667774078305
76,sensor_17,210,0.01325588853650735,393.1,396.0,0.3721592438967387,0.5928286379510309
79,sensor_17,199,0.020843611999392386,391.4,396.4,0.5654771209163449,0.742662362482417
80,sensor_17,185,0.014138963648079548,393.2,396.8,0.3224253755901386,0.5377143038192167
82,sensor_17,214,0.02059074726559782,391.2,397.0,0.559756733002309,0.745629626275116
83,sensor_17,293,0.013161924735296468,391.05,395.6,0.4962936471031676,0.6853163261373718
85,sensor_17,188,0.016319100173917637,392.5,396.2,0.4056060918278165,0.59771678628673
86,sensor_17,278,0.01261904183419349,392.3,396.4,0.5153607429545026,0.7121576802872748
87,sensor_17,178,0.016961919464130597,392.85,396.2,0.38202132505006614,0.6172735028517258
88,sensor_17,213,0.018482966215561322,392.55,396.6,0.48805930309400114,0.6865950153345285
89,sensor_17,217,0.01783071914767511,391.4,396.2,0.5192055229766446,0.7071744240296818
90,sensor_17,154,0.023900703976603474,391.55,395.6,0.5315994160864381,0.7279846424892603
92,sensor_17,341,0.010909756710215752,391.9,396.0,0.5183253503524179,0.7203398004942697
93,sensor_17,155,0.025503528729336464,391.8,396.2,0.5171319357711852,0.7125807101438479
94,sensor_17,258,0.009832964678680146,393.1,396.0,0.32496473175123364,0.5619814129325141
95,sensor_17,283,0.014329643752296197,391.7,395.4,0.5283252546794166,0.7107639203018852
96,sensor_17,336,0.01097748856396244,391.95,395.8,0.4966900886852378,0.6986910846371928
97,sensor_17,202,0.017530743589763337,392.2,397.4,0.43072156531571093,0.6421052830823942
98,sensor_17,156,0.023459404782601223,391.55,395.8,0.5668416930956159,0.7452719620640526
99,sensor_17,185,0.01966187786664683,391.95,395.2,0.508597452393581,0.7115225134260154
100,sensor_17,200,0.0165521638040964,392.5,396.2,0.46456194502495995,0.6796860097357283
2,sensor_18,287,1.314754403570388e-16,2388.0,2388.0,,
3,sensor_18,179,6.063388985695794e-15,2388.0,2388.0,,
4,sensor_18,189,-8.244344593126758e-15,2388.0,2388.0,,
6,sensor_18,188,1.4198328221578238e-14,2388.0,2388.0,,
7,sensor_18,259,3.756427013609342e-15,2388.0,2388.0,,
8,sensor_18,150,-8.354351781684596e-15,2388.0,2388.0,,
9,sensor_18,201,1.5899913870875084e-15,2388.0,2388.0,,
10,sensor_18,222,-1.7294948309105572e-15,2388.0,2388.0,,
12,sensor_18,170,1.4913349873131394e-14,2388.0,2388.0,,
14,sensor_18,180,-9.273152580036297e-15,2388.0,2388.0,,
15,sensor_18,207,7.258266417329914e-16,2388.0,2388.0,,
16,sensor_18,209,1.5552865107231694e-15,2388.0,2388.0,,
17,sensor_18,276,-4.488469423108677e-16,2388.0,2388.0,,
18,sensor_18,195,5.479092293155255e-15,2388.0,2388.0,,
20,sensor_18,234,-9.26449804324674e-15,2388.0,2388.0,,
21,sensor_18,195,5.479092293155255e-15,2388.0,2388.0,,
22,sensor_18,202,6.507938105954519e-15,2388.0,2388.0,,
24,sensor_18,147,-3.972562948401247e-15,2388.0,2388.0,,
25,sensor_18,230,-6.311304566814766e-16,2388.0,2388.0,,
26,sensor_18,199,5.528532242934942e-15,2388.0,2388.0,,
27,sensor_18,156,-7.367454918650275e-15,2388.0,2388.0,,
28,sensor_18,165,4.563069763343925e-15,2388.0,2388.0,,
29,sensor_18,163,-1.056470559902521e-15,2388.0,2388.0,,
30,sensor_18,194,-3.8339067754071775e-15,2388.0,2388.0,,
33,sensor_18,200,7.30287432572423e-15,2388.0,2388.0,,
35,sensor_18,181,-1.3273719339210895e-15,2388.0,2388.0,,
36,sensor_18,158,-6.490260519798242e-15,2388.0,2388.0,,
37,sensor_18,170,1.4913349873131394e-14,2388.0,2388.0,,
38,sensor_18,194,-3.8339067754071775e-15,2388.0,2388.0,,
39,sensor_18,128,6.92386171171448e-15,2388.0,2388.0,,
41,sensor_18,216,-2.123964792988439e-15,2388.0,2388.0,,
42,sensor_18,196,7.364881243455139e-17,2388.0,2388.0,,
43,sensor_18,207,7.258266417329914e-16,2388.0,2388.0,,
44,sensor_18,192,4.536762055360763e-15,2388.0,2388.0,,
47,sensor_18,214,-7.077505483161632e-16,2388.0,2388.0,,
48,sensor_18,231,-2.5204839747472852e-15,2388.0,2388.0,,
49,sensor_18,215,1.927006747651648e-15,2388.0,2388.0,,
50,sensor_18,198,5.222490953427393e-16,2388.0,2388.0,,
51,sensor_18,213,-1.4068626542965483e-14,2388.0,2388.0,,
52,sensor_18,213,-1.4068626542965483e-14,2388.0,2388.0,,
53,sensor_18,195,5.479092293155255e-15,2388.0,2388.0,,
55,sensor_18,193,1.6338857981769487e-15,2388.0,2388.0,,
56,sensor_18,275,-2.3699248850223654e-15,2388.0,2388.0,,
57,sensor_18,137,-2.1315325352194687e-15,2388.0,2388.0,,
58,sensor_18,147,-3.972562948401247e-15,2388.0,2388.0,,
59,sensor_18,231,-2.5204839747472852e-15,2388.0,2388.0,,
60,sensor_18,172,-4.279543940421318e-15,2388.0,2388.0,,
61,sensor_18,185,3.0875606640985554e-16,2388.0,2388.0,,
62,sensor_18,180,-9.273152580036297e-15,2388.0,2388.0,,
63,sensor_18,174,5.67518596884634e-15,2388.0,2388.0,,
64,sensor_18,283,1.811628542488776e-15,2388.0,2388.0,,
65,sensor_18,153,4.4932509387144226e-15,2388.0,2388.0,,
66,sensor_18,202,6.507938105954519e-15,2388.0,2388.0,,
67,sensor_18,313,3.315347210720135e-16,2388.0,2388.0,,
68,sensor_18,199,5.528532242934942e-15,2388.0,2388.0,,
69,sensor_18,362,4.718224092790987e-15,2388.0,2388.0,,
70,sensor_18,137,-2.1315325352194687e-15,2388.0,2388.0,,
72,sensor_18,213,-1.4068626542965483e-14,2388.0,2388.0,,
73,sensor_18,213,-1.4068626542965483e-14,2388.0,2388.0,,
75,sensor_18,229,1.0542032829616994e-15,2388.0,2388.0,,
76,sensor_18,210,3.87127212301421e-15,2388.0,2388.0,,
79,sensor_18,199,5.528532242934942e-15,2388.0,2388.0,,
80,sensor_18,185,3.0875606640985554e-16,2388.0,2388.0,,
82,sensor_18,214,-7.077505483161632e-16,2388.0,2388.0,,
83,sensor_18,293,-2.3443346262480848e-15,2388.0,2388.0,,
85,sensor_18,188,1.4198328221578238e-14,2388.0,2388.0,,
86,sensor_18,278,-1.8977131550927725e-15,2388.0,2388.0,,
87,sensor_18,178,5.290087051474999e-15,2388.0,2388.0,,
88,sensor_18,213,-1.4068626542965483e-14,2388.0,2388.0,,
89,sensor_18,217,-1.0652102787016404e-14,2388.0,2388.0,,
90,sensor_18,154,-2.1333724898708317e-15,2388.0,2388.0,,
92,sensor_18,341,-9.11117830897558e-16,2388.0,2388.0,,
93,sensor_18,155,3.049100041609712e-16,2388.0,2388.0,,
94,sensor_18,258,5.942167911748682e-15,2388.0,2388.0,,
95,sensor_18,283,1.811628542488776e-15,2388.0,2388.0,,
96,sensor_18,336,8.006385322544315e-16,2388.0,2388.0,,
97,sensor_18,202,6.507938105954519e-15,2388.0,2388.0,,
98,sensor_18,156,-7.367454918650275e-15,2388.0,2388.0,,
99,sensor_18,185,3.0875606640985554e-16,2388.0,2388.0,,
100,sensor_18,200,7.30287432572423e-15,2388.0,2388.0,,
2,sensor_19,287,-5.649900122300299e-17,100.0,100.0,,
3,sensor_19,179,3.146178211860269e-16,100.0,100.0,,
4,sensor_19,189,-3.532327034761025e-16,100.0,100.0,,
6,sensor_19,188,2.246684337869422e-16,100.0,100.0,,
7,sensor_19,259,1.9653741282299854e-16,100.0,100.0,,
8,sensor_19,150,-5.744522166712012e-16,100.0,100.0,,
9,sensor_19,201,-1.112473782262685e-16,100.0,100.0,,
10,sensor_19,222,5.080588297073266e-17,100.0,100.0,,
12,sensor_19,170,3.095205832045093e-16,100.0,100.0,,
14,sensor_19,180,-2.820662618724259e-16,100.0,100.0,,
15,sensor_19,207,1.5483482669470713e-16,100.0,100.0,,
16,sensor_19,209,8.451001560836279e-17,100.0,100.0,,
17,sensor_19,276,-1.0313338518027978e-16,100.0,100.0,,
18,sensor_19,195,1.7605645725047806e-16,100.0,100.0,,
20,sensor_19,234,7.305772967917076e-17,100.0,100.0,,
21,sensor_19,195,1.7605645725047806e-16,100.0,100.0,,
22,sensor_19,202,2.0580176988417704e-16,100.0,100.0,,
24,sensor_19,147,8.960668241208041e-17,100.0,100.0,,
25,sensor_19,230,4.578740954843802e-17,100.0,100.0,,
26,sensor_19,199,3.5766481041205597e-16,100.0,100.0,,
27,sensor_19,156,-4.2625987949016553e-16,100.0,100.0,,
28,sensor_19,165,3.508035865880962e-17,100.0,100.0,,
29,sensor_19,163,-1.4942995460965028e-16,100.0,100.0,,
30,sensor_19,194,-3.4675860910504533e-16,100.0,100.0,,
33,sensor_19,200,6.665037047431332e-16,100.0,100.0,,
35,sensor_19,181,-1.236347591994246e-17,100.0,100.0,,
36,sensor_19,158,2.108290261382834e-17,100.0,100.0,,
37,sensor_19,170,3.095205832045093e-16,100.0,100.0,,
38,sensor_19,194,-3.4675860910504533e-16,100.0,100.0,,
39,sensor_19,128,2.427012502926261e-17,100.0,100.0,,
41,sensor_19,216,-4.257009952145633e-16,100.0,100.0,,
42,sensor_19,196,-2.644498332288646e-16,100.0,100.0,,
43,sensor_19,207,1.5483482669470713e-16,100.0,100.0,,
44,sensor_19,192,1.487720623658364e-16,100.0,100.0,,
47,sensor_19,214,2.669736466553811e-17,100.0,100.0,,
48,sensor_19,231,-2.670996896611471e-16,100.0,100.0,,
49,sensor_19,215,1.195476375776556e-16,100.0,100.0,,
50,sensor_19,198,3.1533577499757557e-16,100.0,100.0,,
51,sensor_19,213,-8.536434827519941e-17,100.0,100.0,,
52,sensor_19,213,-8.536434827519941e-17,100.0,100.0,,
53,sensor_19,195,1.7605645725047806e-16,100.0,100.0,,
55,sensor_19,193,3.112679447495722e-16,100.0,100.0,,
56,sensor_19,275,-9.434756871205546e-17,100.0,100.0,,
57,sensor_19,137,-2.828228956983983e-16,100.0,100.0,,
58,sensor_19,147,8.960668241208041e-17,100.0,100.0,,
59,sensor_19,231,-2.670996896611471e-16,100.0,100.0,,
60,sensor_19,172,-2.1172019531288039e-16,100.0,100.0,,
61,sensor_19,185,-3.9071672643554015e-16,100.0,100.0,,
62,sensor_19,180,-2.820662618724259e-16,100.0,100.0,,
63,sensor_19,174,4.3496744469703755e-17,100.0,100.0,,
64,sensor_19,283,-1.1846783830553689e-17,100.0,100.0,,
65,sensor_19,153,-2.0307417880997337e-16,100.0,100.0,,
66,sensor_19,202,2.0580176988417704e-16,100.0,100.0,,
67,sensor_19,313,1.8328021109905645e-16,100.0,100.0,,
68,sensor_19,199,3.5766481041205597e-16,100.0,100.0,,
69,sensor_19,362,-1.3234893936039988e-16,100.0,100.0,,
70,sensor_19,137,-2.828228956983983e-16,100.0,100.0,,
72,sensor_19,213,-8.536434827519941e-17,100.0,100.0,,
73,sensor_19,213,-8.536434827519941e-17,100.0,100.0,,
75,sensor_19,229,-2.1747919197618197e-16,100.0,100.0,,
76,sensor_19,210,-8.113000568092614e-17,100.0,100.0,,
79,sensor_19,199,3.5766481041205597e-16,100.0,100.0,,
80,sensor_19,185,-3.9071672643554015e-16,100.0,100.0,,
82,sensor_19,214,2.669736466553811e-17,100.0,100.0,,
83,sensor_19,293,4.3335760030933114e-17,100.0,100.0,,
85,sensor_19,188,2.246684337869422e-16,100.0,100.0,,
86,sensor_19,278,1.114888289360406e-16,100.0,100.0,,
87,sensor_19,178,-1.6222015378283478e-16,100.0,100.0,,
88,sensor_19,213,-8.536434827519941e-17,100.0,100.0,,
89,sensor_19,217,-2.702200025496622e-16,100.0,100.0,,
90,sensor_19,154,-2.475771918249278e-16,100.0,100.0,,
92,sensor_19,341,-5.89704917993336e-17,100.0,100.0,,
93,sensor_19,155,-3.932613546359922e-17,100.0,100.0,,
94,sensor_19,258,3.161563188209052e-17,100.0,100.0,,
95,sensor_19,283,-1.1846783830553689e-17,100.0,100.0,,
96,sensor_19,336,8.628018088311151e-20,100.0,100.0,,
97,sensor_19,202,2.0580176988417704e-16,100.0,100.0,,
98,sensor_19,156,-4.2625987949016553e-16,100.0,100.0,,
99,sensor_19,185,-3.9071672643554015e-16,100.0,100.0,,
100,sensor_19,200,6.665037047431332e-16,100.0,100.0,,
2,sensor_20,287,-0.0018442126978713033,39.0655,38.36,0.5896042995757411,-0.7554946788971119
3,sensor_20,179,-0.0022925533027847804,38.985,38.464,0.5114225687209437,-0.7081494661244297
4,sensor_20,189,-0.001984286958531255,38.959500000000006,38.48,0.4643033903175118,-0.6552190563825866
6,sensor_20,188,-0.00193096709992816,38.84949999999999,38.44199999999999,0.5070942822273404,-0.7139914676943111
7,sensor_20,259,-0.0018883624232460903,38.985,38.488,0.5985721672198916,-0.7625496155224715
8,sensor_20,150,-0.002432677007867084,38.834500000000006,38.412,0.5084642087815648,-0.6969563379997185
9,sensor_20,201,-0.001979030589626189,39.018,38.456,0.4886325413256055,-0.6682340926456691
10,sensor_20,222,-0.0022268629443516464,39.019999999999996,38.44199999999999,0.5620789255925989,-0.7355200448410387
12,sensor_20,170,-0.002222702597077161,38.856,38.50600000000001,0.4728618693021933,-0.6542881336315693
14,sensor_20,180,-0.001969484654876256,38.878,38.412,0.477877176999958,-0.6838252652904646
15,sensor_20,207,-0.0024130867725210784,39.0395,38.47,0.570880956259887,-0.7446547437444552
16,sensor_20,209,-0.0017963220989536204,38.832499999999996,38.428,0.5129940802522865,-0.6974092275698449
17,sensor_20,276,-0.001634876785434022,39.059000000000005,38.46,0.523781108394912,-0.699973526892379
18,sensor_20,195,-0.0020839793490751296,38.997,38.467999999999996,0.4603367638571576,-0.6717980054211813
20,sensor_20,234,-0.001442533055171198,38.839,38.54,0.49537419972236696,-0.7069091397222769
21,sensor_20,195,-0.001662140510446837,38.8965,38.47,0.3817485643189905,-0.6118970015144244
22,sensor_20,202,-0.0015332812598956537,38.8135,38.448,0.4046248365458629,-0.6201983266064555
24,sensor_20,147,-0.0028903882915625708,38.934999999999995,38.474000000000004,0.5379873346248178,-0.7049767953270141
25,sensor_20,230,-0.0015177421780800983,38.834,38.434,0.43083989488685437,-0.6234649152739719
26,sensor_20,199,-0.0014337901629356614,38.8465,38.464000000000006,0.36405632921602493,-0.5831831999715567
27,sensor_20,156,-0.002304325836481271,38.858999999999995,38.518,0.4298679521207369,-0.6385881774897147
28,sensor_20,165,-0.00322592365025503,39.0435,38.448,0.6385308473517286,-0.8009602752617843
29,sensor_20,163,-0.0022266558043905265,38.888999999999996,38.51199999999999,0.4812647865930002,-0.69673985606858
30,sensor_20,194,-0.0027273444465904526,39.092,38.442,0.6375599615244909,-0.7904166329103096
33,sensor_20,200,-0.002278886972174104,38.99050000000001,38.44,0.516283440224723,-0.6990714551670321
35,sensor_20,181,-0.0024655050290409443,38.938,38.492,0.5792888596253853,-0.760735430686316
36,sensor_20,158,-0.002234410725342044,38.8335,38.455999999999996,0.4441365864290968,-0.6735866439660776
37,sensor_20,170,-0.0025693296938830434,38.90650000000001,38.418,0.5443501150766477,-0.7276692849804823
38,sensor_20,194,-0.0017237327065862606,38.84,38.452,0.43091734518114,-0.6397051792071414
39,sensor_20,128,-0.0027036600439478337,38.862,38.46,0.4542526720680268,-0.679787741703786
41,sensor_20,216,-0.001949814834661222,38.974000000000004,38.456,0.5469608059317745,-0.7348156190171293
42,sensor_20,196,-0.002312234538485481,38.983999999999995,38.414,0.5493699781398249,-0.7384606214847184
43,sensor_20,207,-0.002538464244352662,39.0405,38.414,0.6726224657136326,-0.8285298889288034
44,sensor_20,192,-0.0026136725849767303,39.0165,38.45799999999999,0.605508058569173,-0.7827862466234418
47,sensor_20,214,-0.0023402934450869528,39.044500000000006,38.474000000000004,0.6176734082642497,-0.789770331928962
48,sensor_20,231,-0.0017396366751689706,38.9925,38.536,0.4633990508756961,-0.6545469550335945
49,sensor_20,215,-0.0015707817141201335,38.840500000000006,38.462,0.44034712076359994,-0.654214663744634
50,sensor_20,198,-0.002206085032144249,38.9075,38.454,0.5730005719836126,-0.7576383824022105
51,sensor_20,213,-0.001740880834291615,39.0225,38.553999999999995,0.44711698676577527,-0.6424739553113656
52,sensor_20,213,-0.0018850415134078265,38.85699999999999,38.394,0.48125236882546185,-0.6761647028469204
53,sensor_20,195,-0.0020217999967632907,38.94,38.386,0.48960345161403784,-0.689878671356275
55,sensor_20,193,-0.0016506029325355845,38.8745,38.513999999999996,0.38125832353147504,-0.5983723645329404
56,sensor_20,275,-0.001243241683736806,38.832,38.482000000000006,0.48274855651034354,-0.6788515715331602
57,sensor_20,137,-0.003612625310359002,38.941500000000005,38.32600000000001,0.5417958061746013,-0.7241384703785648
58,sensor_20,147,-0.0029912579619037235,38.968,38.452,0.5427013800112417,-0.7326759545028243
59,sensor_20,231,-0.0023540080609046393,39.0585,38.464,0.6448007113184362,-0.803063443831409
60,sensor_20,172,-0.0023642349589527646,38.90749999999999,38.406,0.5548458008266478,-0.7459207082617105
61,sensor_20,185,-0.0029876994806869047,39.104000000000006,38.495999999999995,0.635950920965517,-0.7892320462837067
62,sensor_20,180,-0.0018905213123863224,38.814,38.459999999999994,0.4535854664130047,-0.6576783428539653
63,sensor_20,174,-0.002213525442068346,38.9005,38.414,0.5280519263633503,-0.7046456530443608
64,sensor_20,283,-0.0013986664139411294,38.8685,38.448,0.4995231770981393,-0.6791878042537451
65,sensor_20,153,-0.003213716108452838,39.018499999999996,38.464,0.5669984457621505,-0.7167240050970725
66,sensor_20,202,-0.0014278143497019205,38.79,38.472,0.36692721821683816,-0.6015966038829642
67,sensor_20,313,-0.0012421164842767983,38.936,38.484,0.5276712826883961,-0.7117342890871706
68,sensor_20,199,-0.0018186081924774873,38.86849999999999,38.364000000000004,0.4580314073694981,-0.6636279207992912
69,sensor_20,362,-0.0012075594266366886,38.923,38.444,0.5517605458365105,-0.7325933392121807
70,sensor_20,137,-0.0028675303825116427,38.867000000000004,38.38,0.5262804967116675,-0.7286841277656401
72,sensor_20,213,-0.002070467240047694,38.971000000000004,38.45,0.5753395439023494,-0.7480566350633415
73,sensor_20,213,-0.0016881663814664665,38.814499999999995,38.480000000000004,0.4588623365794555,-0.6744130640972554
75,sensor_20,229,-0.0015676456186984248,38.845,38.507999999999996,0.4570468389323157,-0.6539337626875167
76,sensor_20,210,-0.0016819688169150832,38.8085,38.474000000000004,0.4697001630936829,-0.6709221074851702
79,sensor_20,199,-0.0026507537688440865,39.048500000000004,38.42,0.6287398473351424,-0.7963083858692194
80,sensor_20,185,-0.00168759713430115,38.821,38.39,0.38752344371515035,-0.6027184929896753
82,sensor_20,214,-0.0019438946218061184,38.999500000000005,38.472,0.47697581339339823,-0.6542005818366498
83,sensor_20,293,-0.00167047051650621,39.05199999999999,38.476,0.5729876322166796,-0.7381850836911791
85,sensor_20,188,-0.0021506049228201688,38.914,38.498000000000005,0.5475735479016062,-0.7351496828087067
86,sensor_20,278,-0.0012863457923541586,38.8925,38.488,0.45017861460204844,-0.6716198336134509
87,sensor_20,178,-0.002262873046793945,38.9015,38.46,0.5226856523070116,-0.721540093350008
88,sensor_20,213,-0.002129750820209701,38.956500000000005,38.504,0.5609477037019253,-0.7326265657596134
89,sensor_20,217,-0.0023716512352204323,39.0145,38.327999999999996,0.5795388285149505,-0.746944256333822
90,sensor_20,154,-0.003174844131201007,39.0715,38.422,0.6638030304525173,-0.8227171520163614
92,sensor_20,341,-0.0012322132742586726,38.945,38.418,0.5253631653899633,-0.7158601918508457
93,sensor_20,155,-0.003091779188553341,38.986,38.434000000000005,0.619426630236291,-0.7808768268022693
94,sensor_20,258,-0.0013118154544269616,38.8275,38.338,0.41918465956713913,-0.6300721980552288
95,sensor_20,283,-0.0016803830274330495,39.019,38.474000000000004,0.580943313957585,-0.7425874857399122
96,sensor_20,336,-0.0014194463249669548,38.973499999999994,38.465999999999994,0.5838185521249717,-0.7592951541093871
97,sensor_20,202,-0.001897101334278695,38.990500000000004,38.418,0.4207796159575844,-0.6150060953716739
98,sensor_20,156,-0.003017654217572151,39.012,38.45,0.5921247054743106,-0.7692248439812873
99,sensor_20,185,-0.0023010689511391066,38.988,38.480000000000004,0.5392147414788027,-0.7298217608885296
100,sensor_20,200,-0.0023675541888545783,38.931,38.378,0.5517427944259469,-0.7314853695602135
2,sensor_21,287,-0.001077627047749008,23.445269999999997,23.07452,0.6069840193670202,-0.7729964916914697
3,sensor_21,179,-0.00142649425648099,23.378359999999997,23.03572,0.4980875054075713,-0.6765750992123863
4,sensor_21,189,-0.001121956131463515,23.348010000000002,23.08768,0.42809458832031977,-0.6236429363382507
6,sensor_21,188,-0.001257818304626807,23.31521,23.011400000000002,0.5428376187791117,-0.7288183498673269
7,sensor_21,259,-0.0011319025286466785,23.40632,23.04908,0.5827391105129667,-0.753544758918535
8,sensor_21,150,-0.001280730876927912,23.279105,23.066879999999998,0.46688501531314075,-0.6456061002080021
9,sensor_21,201,-0.0013684683020541166,23.436574999999998,23.101300000000002,0.5714573846105775,-0.7375152255604045
10,sensor_21,222,-0.0012772799238374556,23.411505,23.17532,0.6136309304476834,-0.7749865434897232
12,sensor_21,170,-0.0011710614859458453,23.311505,23.068759999999997,0.43405214120102886,-0.6265886013999034
14,sensor_21,180,-0.0012502100887888535,23.298385,23.05042,0.48869307170432996,-0.6813046732552174
15,sensor_21,207,-0.0014459932515071285,23.426610000000004,23.0799,0.6196764177149016,-0.781689190448343
16,sensor_21,209,-0.0009087501971711958,23.287744999999994,23.100659999999998,0.408955435257767,-0.6357190037595574
17,sensor_21,276,-0.0011039724033618406,23.427884999999996,23.07796,0.6068220003345945,-0.7609531548875061
18,sensor_21,195,-0.0013000835100099415,23.410245000000003,23.056199999999997,0.48585252534981416,-0.6704712905341671
20,sensor_21,234,-0.0009061205041572603,23.30092,23.046460000000003,0.45823193951758534,-0.6482142547764014
21,sensor_21,195,-0.0011095686934568174,23.359140000000004,23.034640000000003,0.46121312453850427,-0.6559854019041929
22,sensor_21,202,-0.000940812301949193,23.288429999999998,23.070140000000002,0.4003799371399335,-0.6212913532346533
24,sensor_21,147,-0.001907349885529935,23.38976,23.04084,0.5499018373701088,-0.7286612749828286
25,sensor_21,230,-0.0010456496342085818,23.336914999999998,23.06008,0.5343818986498162,-0.7132215730220766
26,sensor_21,199,-0.0009153665296177355,23.30178,23.07602,0.4386268842221197,-0.6534802199560495
27,sensor_21,156,-0.0014236304151981696,23.34537,23.09288,0.4935150113530923,-0.6833773504099674
28,sensor_21,165,-0.0020115342077845744,23.457590000000003,23.1315,0.6478900219133246,-0.8067798557160721
29,sensor_21,163,-0.0016058487261764575,23.351035000000003,23.04748,0.5590961572087495,-0.7394783456906494
30,sensor_21,194,-0.0015585829159356032,23.440915,23.06154,0.5833373166120615,-0.7507075564732857
33,sensor_21,200,-0.001511887872196704,23.422905,23.02308,0.5815896139097858,-0.7609135555829806
35,sensor_21,181,-0.001262431141602393,23.362375,23.04988,0.49993446177289225,-0.6873836019480485
36,sensor_21,158,-0.001503089483828558,23.345260000000003,23.04864,0.5262115798898162,-0.7238583630091757
37,sensor_21,170,-0.0014217355780679905,23.327109999999998,23.065240000000003,0.54298382222983,-0.7334352707571803
38,sensor_21,194,-0.0012140599820029338,23.330175,23.04998,0.5029529467553615,-0.6915383411220405
39,sensor_21,128,-0.001693429831990531,23.322489999999995,23.11162,0.5044122059149554,-0.6937050611897247
41,sensor_21,216,-0.0012647339811143184,23.386125,23.0411,0.5507824737860627,-0.7340182087702666
42,sensor_21,196,-0.0013377913601989608,23.384265,23.05154,0.552787202583054,-0.7276896424231962
43,sensor_21,207,-0.001225641702113824,23.394775000000003,23.05914,0.49786130302600495,-0.6849163556869292
44,sensor_21,192,-0.0013545975130889393,23.401874999999997,23.04784,0.48943483397988374,-0.6768573056264183
47,sensor_21,214,-0.0014890835733811524,23.41905,23.055739999999997,0.6368598870398763,-0.7858555815644334
48,sensor_21,231,-0.001044403317821668,23.406650000000003,23.05988,0.46109861371915095,-0.639234252258186
49,sensor_21,215,-0.0008633641237413133,23.280035,23.104580000000002,0.37775599271484683,-0.5910819788562248
50,sensor_21,198,-0.0013012190625485455,23.353249999999996,23.06062,0.5344213501753405,-0.7202389740419229
51,sensor_21,213,-0.0010113732828996745,23.392365,23.08796,0.4242917203930676,-0.6178559010549554
52,sensor_21,213,-0.0009946340536606875,23.3123,23.036920000000002,0.4319948501463454,-0.6387033081680735
53,sensor_21,195,-0.00126815290747543,23.379044999999998,23.101139999999997,0.5729154225365729,-0.7573175591899959
55,sensor_21,193,-0.0009752064860316304,23.3161,23.103479999999998,0.3420500570133804,-0.533628289778618
56,sensor_21,275,-0.0007641434465249457,23.292505000000002,23.08488,0.4925289691574831,-0.6924430363924069
57,sensor_21,137,-0.0018996980417048915,23.374240000000004,23.0798,0.5871584048565395,-0.7599122592107684
58,sensor_21,147,-0.0017772926127134574,23.374085,23.10602,0.5565065582736192,-0.7281507458078
59,sensor_21,231,-0.0012838214334391876,23.444634999999998,23.02436,0.5936984384712958,-0.7652893487272924
60,sensor_21,172,-0.0013177726208249102,23.33589,23.026460000000004,0.42508157951738046,-0.6077576346522146
61,sensor_21,185,-0.0016484371327849029,23.431215,23.07058,0.5832012646699583,-0.7494261957979342
62,sensor_21,180,-0.0011473469345762706,23.2793,23.043739999999996,0.45566634079307444,-0.6532742366798714
63,sensor_21,174,-0.0013007997949827477,23.32306,23.04538,0.47291720938722426,-0.6978616630183841
64,sensor_21,283,-0.0008953287955687339,23.354115,23.090920000000004,0.549105630574329,-0.7277969344378837
65,sensor_21,153,-0.0017187112165440036,23.38715,23.1173,0.5581664963571606,-0.7317503849044367
66,sensor_21,202,-0.0008779687865117721,23.267874999999997,23.06212,0.37778764172806223,-0.5737300779351397
67,sensor_21,313,-0.0008113150072084341,23.370175,23.092959999999998,0.5713266313246288,-0.7508525564762784
68,sensor_21,199,-0.0011576287498095926,23.332395,23.08718,0.492278210208006,-0.687780879576889
69,sensor_21,362,-0.0007389663837305174,23.38535,23.05142,0.556986621373369,-0.7315596598221075
70,sensor_21,137,-0.001791608172942372,23.344805,23.093619999999998,0.5324227853176157,-0.7027882235895709
72,sensor_21,213,-0.001176084526911111,23.367830000000005,23.084220000000002,0.5561034798157241,-0.7450750049695143
73,sensor_21,213,-0.001029090678793277,23.286025,23.033160000000002,0.5081411012260473,-0.6900326594497737
75,sensor_21,229,-0.0008538871623714742,23.279980000000002,23.09808,0.37689299425898193,-0.5936348338421494
76,sensor_21,210,-0.0011058837097051597,23.321234999999998,23.086999999999996,0.5527942887565535,-0.7350654777822515
79,sensor_21,199,-0.0016275280950204564,23.433525,23.096600000000002,0.6179265476691493,-0.7792084190862852
80,sensor_21,185,-0.0009807236268527504,23.284760000000002,23.029020000000003,0.3635230218688039,-0.5662580384719592
82,sensor_21,214,-0.001263427240250878,23.420994999999998,23.08032,0.48890626133149817,-0.6564910686746082
83,sensor_21,293,-0.001052415699086222,23.425235,23.07946,0.6010705854219248,-0.7746264140557212
85,sensor_21,188,-0.001209892054823188,23.336365,23.052039999999998,0.48110333804877314,-0.6715985882410425
86,sensor_21,278,-0.0009062101570635945,23.348850000000002,23.06396,0.5354216529926867,-0.699296004455235
87,sensor_21,178,-0.001207826761383052,23.31835,23.06816,0.5041141923689558,-0.689778072841406
88,sensor_21,213,-0.0011988612684749596,23.370365,23.048740000000002,0.5383881946906527,-0.7295033440209613
89,sensor_21,217,-0.001283997566670044,23.378189999999996,23.09326,0.5890783073663861,-0.7641682019378886
90,sensor_21,154,-0.0018703539597657638,23.403215000000003,23.084799999999998,0.5738785456441939,-0.7540228147753965
92,sensor_21,341,-0.0007815343689567253,23.372014999999998,23.05772,0.556027890919002,-0.7318270174476359
93,sensor_21,155,-0.001674540620669588,23.367645,23.090839999999996,0.48495090185251766,-0.6748493639832253
94,sensor_21,258,-0.0006246435882215627,23.291655,23.070600000000002,0.344674810022095,-0.5697456522581329
95,sensor_21,283,-0.0009386431815462125,23.410294999999998,23.1226,0.5417819914270322,-0.7210554021542493
96,sensor_21,336,-0.0008155427926075559,23.39169,23.054179999999995,0.5544348514864821,-0.7290498379425275
97,sensor_21,202,-0.0010895998474194078,23.3731,23.06682,0.4660499225745549,-0.663461933943214
98,sensor_21,156,-0.0018528469599027532,23.435475000000004,23.09416,0.6068984597068776,-0.781913615763467
99,sensor_21,185,-0.0014556806034646227,23.381349999999998,23.07896,0.5366710724631383,-0.7350067970585421
100,sensor_21,200,-0.0012686309907746149,23.33357,23.03648,0.5099249357354947,-0.6986993135839247
